This is pdfTeX, Version 3.141592653-2.6-1.40.27 (TeX Live 2025) (preloaded format=pdflatex 2025.9.6)  24 MAY 2026 17:49
entering extended mode
 restricted \write18 enabled.
 %&-line parsing enabled.
**summary.tex
(./summary.tex
LaTeX2e <2024-11-01> patch level 2
L3 programming layer <2025-01-18>
(/usr/local/texlive/2025basic/texmf-dist/tex/latex/base/article.cls
Document Class: article 2024/06/29 v1.4n Standard LaTeX document class
(/usr/local/texlive/2025basic/texmf-dist/tex/latex/base/size10.clo
File: size10.clo 2024/06/29 v1.4n Standard LaTeX file (size option)
)
\c@part=\count196
\c@section=\count197
\c@subsection=\count198
\c@subsubsection=\count199
\c@paragraph=\count266
\c@subparagraph=\count267
\c@figure=\count268
\c@table=\count269
\abovecaptionskip=\skip49
\belowcaptionskip=\skip50
\bibindent=\dimen141
)
(/usr/local/texlive/2025basic/texmf-dist/tex/latex/geometry/geometry.sty
Package: geometry 2020/01/02 v5.9 Page Geometry

(/usr/local/texlive/2025basic/texmf-dist/tex/latex/graphics/keyval.sty
Package: keyval 2022/05/29 v1.15 key=value parser (DPC)
\KV@toks@=\toks17
)
(/usr/local/texlive/2025basic/texmf-dist/tex/generic/iftex/ifvtex.sty
Package: ifvtex 2019/10/25 v1.7 ifvtex legacy package. Use iftex instead.

(/usr/local/texlive/2025basic/texmf-dist/tex/generic/iftex/iftex.sty
Package: iftex 2024/12/12 v1.0g TeX engine tests
))
\Gm@cnth=\count270
\Gm@cntv=\count271
\c@Gm@tempcnt=\count272
\Gm@bindingoffset=\dimen142
\Gm@wd@mp=\dimen143
\Gm@odd@mp=\dimen144
\Gm@even@mp=\dimen145
\Gm@layoutwidth=\dimen146
\Gm@layoutheight=\dimen147
\Gm@layouthoffset=\dimen148
\Gm@layoutvoffset=\dimen149
\Gm@dimlist=\toks18
)
(/usr/local/texlive/2025basic/texmf-dist/tex/latex/tools/bm.sty
Package: bm 2023/12/19 v1.2f Bold Symbol Support (DPC/FMi)
\symboldoperators=\mathgroup4
\symboldletters=\mathgroup5
\symboldsymbols=\mathgroup6
Package bm Info: No bold for \OMX/cmex/m/n, using \pmb.
LaTeX Font Info:    Redeclaring math alphabet \mathbf on input line 149.
)
(/usr/local/texlive/2025basic/texmf-dist/tex/latex/setspace/setspace.sty
Package: setspace 2022/12/04 v6.7b set line spacing
)
(/usr/local/texlive/2025basic/texmf-dist/tex/latex/graphics/graphicx.sty
Package: graphicx 2021/09/16 v1.2d Enhanced LaTeX Graphics (DPC,SPQR)

(/usr/local/texlive/2025basic/texmf-dist/tex/latex/graphics/graphics.sty
Package: graphics 2024/08/06 v1.4g Standard LaTeX Graphics (DPC,SPQR)

(/usr/local/texlive/2025basic/texmf-dist/tex/latex/graphics/trig.sty
Package: trig 2023/12/02 v1.11 sin cos tan (DPC)
)
(/usr/local/texlive/2025basic/texmf-dist/tex/latex/graphics-cfg/graphics.cfg
File: graphics.cfg 2016/06/04 v1.11 sample graphics configuration
)
Package graphics Info: Driver file: pdftex.def on input line 106.

(/usr/local/texlive/2025basic/texmf-dist/tex/latex/graphics-def/pdftex.def
File: pdftex.def 2024/04/13 v1.2c Graphics/color driver for pdftex
))
\Gin@req@height=\dimen150
\Gin@req@width=\dimen151
)
(/usr/local/texlive/2025basic/texmf-dist/tex/latex/booktabs/booktabs.sty
Package: booktabs 2020/01/12 v1.61803398 Publication quality tables
\heavyrulewidth=\dimen152
\lightrulewidth=\dimen153
\cmidrulewidth=\dimen154
\belowrulesep=\dimen155
\belowbottomsep=\dimen156
\aboverulesep=\dimen157
\abovetopsep=\dimen158
\cmidrulesep=\dimen159
\cmidrulekern=\dimen160
\defaultaddspace=\dimen161
\@cmidla=\count273
\@cmidlb=\count274
\@aboverulesep=\dimen162
\@belowrulesep=\dimen163
\@thisruleclass=\count275
\@lastruleclass=\count276
\@thisrulewidth=\dimen164
)
\dhatheight=\skip51

(/usr/local/texlive/2025basic/texmf-dist/tex/latex/l3backend/l3backend-pdftex.d
ef
File: l3backend-pdftex.def 2024-05-08 L3 backend support: PDF output (pdfTeX)
\l__color_backend_stack_int=\count277
\l__pdf_internal_box=\box52
)

LaTeX Warning: Unused global option(s):
    [showkeys,aps,prb,prepreint,amssymb,amsmath,nobibnotes].

(./summary.aux)
\openout1 = `summary.aux'.

LaTeX Font Info:    Checking defaults for OML/cmm/m/it on input line 6.
LaTeX Font Info:    ... okay on input line 6.
LaTeX Font Info:    Checking defaults for OMS/cmsy/m/n on input line 6.
LaTeX Font Info:    ... okay on input line 6.
LaTeX Font Info:    Checking defaults for OT1/cmr/m/n on input line 6.
LaTeX Font Info:    ... okay on input line 6.
LaTeX Font Info:    Checking defaults for T1/cmr/m/n on input line 6.
LaTeX Font Info:    ... okay on input line 6.
LaTeX Font Info:    Checking defaults for TS1/cmr/m/n on input line 6.
LaTeX Font Info:    ... okay on input line 6.
LaTeX Font Info:    Checking defaults for OMX/cmex/m/n on input line 6.
LaTeX Font Info:    ... okay on input line 6.
LaTeX Font Info:    Checking defaults for U/cmr/m/n on input line 6.
LaTeX Font Info:    ... okay on input line 6.

*geometry* driver: auto-detecting
*geometry* detected driver: pdftex
*geometry* verbose mode - [ preamble ] result:
* driver: pdftex
* paper: a4paper
* layout: <same size as paper>
* layoutoffset:(h,v)=(0.0pt,0.0pt)
* modes: 
* h-part:(L,W,R)=(56.9055pt, 483.69687pt, 56.9055pt)
* v-part:(T,H,B)=(56.9055pt, 731.23584pt, 56.9055pt)
* \paperwidth=597.50787pt
* \paperheight=845.04684pt
* \textwidth=483.69687pt
* \textheight=731.23584pt
* \oddsidemargin=-15.36449pt
* \evensidemargin=-15.36449pt
* \topmargin=-52.36449pt
* \headheight=12.0pt
* \headsep=25.0pt
* \topskip=10.0pt
* \footskip=30.0pt
* \marginparwidth=65.0pt
* \marginparsep=11.0pt
* \columnsep=10.0pt
* \skip\footins=9.0pt plus 4.0pt minus 2.0pt
* \hoffset=0.0pt
* \voffset=0.0pt
* \mag=1000
* \@twocolumnfalse
* \@twosidefalse
* \@mparswitchfalse
* \@reversemarginfalse
* (1in=72.27pt=25.4mm, 1cm=28.453pt)

(/usr/local/texlive/2025basic/texmf-dist/tex/context/base/mkii/supp-pdf.mkii
[Loading MPS to PDF converter (version 2006.09.02).]
\scratchcounter=\count278
\scratchdimen=\dimen165
\scratchbox=\box53
\nofMPsegments=\count279
\nofMParguments=\count280
\everyMPshowfont=\toks19
\MPscratchCnt=\count281
\MPscratchDim=\dimen166
\MPnumerator=\count282
\makeMPintoPDFobject=\count283
\everyMPtoPDFconversion=\toks20
)
(/usr/local/texlive/2025basic/texmf-dist/tex/latex/epstopdf-pkg/epstopdf-base.s
ty
Package: epstopdf-base 2020-01-24 v2.11 Base part for package epstopdf
Package epstopdf-base Info: Redefining graphics rule for `.eps' on input line 4
85.

(/usr/local/texlive/2025basic/texmf-dist/tex/latex/latexconfig/epstopdf-sys.cfg
File: epstopdf-sys.cfg 2010/07/13 v1.3 Configuration of (r)epstopdf for TeX Liv
e
))
LaTeX Font Info:    External font `cmex10' loaded for size
(Font)              <7> on input line 14.
LaTeX Font Info:    External font `cmex10' loaded for size
(Font)              <5> on input line 14.
<R2fig.pdf, id=1, 361.35pt x 216.81pt>
File: R2fig.pdf Graphic file (type pdf)
<use R2fig.pdf>
Package pdftex.def Info: R2fig.pdf  used on input line 42.
(pdftex.def)             Requested size: 162.86095pt x 185.2289pt.
<NOEfig.pdf, id=2, 361.35pt x 216.81pt>
File: NOEfig.pdf Graphic file (type pdf)
<use NOEfig.pdf>
Package pdftex.def Info: NOEfig.pdf  used on input line 43.
(pdftex.def)             Requested size: 162.86095pt x 185.2289pt.
<R1fig.pdf, id=3, 361.35pt x 216.81pt>
File: R1fig.pdf Graphic file (type pdf)
<use R1fig.pdf>
Package pdftex.def Info: R1fig.pdf  used on input line 44.
(pdftex.def)             Requested size: 162.86095pt x 185.2289pt.
<tc1.pdf, id=4, 361.35pt x 216.81pt>
File: tc1.pdf Graphic file (type pdf)
<use tc1.pdf>
Package pdftex.def Info: tc1.pdf  used on input line 45.
(pdftex.def)             Requested size: 162.86095pt x 185.2289pt.
<tc2.pdf, id=5, 361.35pt x 216.81pt>
File: tc2.pdf Graphic file (type pdf)
<use tc2.pdf>
Package pdftex.def Info: tc2.pdf  used on input line 46.
(pdftex.def)             Requested size: 162.86095pt x 185.2289pt.
<tc3.pdf, id=6, 361.35pt x 216.81pt>
File: tc3.pdf Graphic file (type pdf)
<use tc3.pdf>
Package pdftex.def Info: tc3.pdf  used on input line 47.
(pdftex.def)             Requested size: 162.86095pt x 185.2289pt.

Overfull \hbox (9.3304pt too wide) in paragraph at lines 42--48
[] [] []
 []


Overfull \hbox (9.3304pt too wide) in paragraph at lines 42--48
[] [] []
 []



[1

{/usr/local/texlive/2025basic/texmf-var/fonts/map/pdftex/updmap/pdftex.map} <./
R2fig.pdf> <./NOEfig.pdf

pdfTeX warning: pdflatex (file ./NOEfig.pdf): PDF inclusion: multiple pdfs with
 page group included in a single page
> <./R1fig.pdf

pdfTeX warning: pdflatex (file ./R1fig.pdf): PDF inclusion: multiple pdfs with 
page group included in a single page
> <./tc1.pdf

pdfTeX warning: pdflatex (file ./tc1.pdf): PDF inclusion: multiple pdfs with pa
ge group included in a single page
> <./tc2.pdf

pdfTeX warning: pdflatex (file ./tc2.pdf): PDF inclusion: multiple pdfs with pa
ge group included in a single page
> <./tc3.pdf

pdfTeX warning: pdflatex (file ./tc3.pdf): PDF inclusion: multiple pdfs with pa
ge group included in a single page
>]

[2

]
LaTeX Font Info:    External font `cmex10' loaded for size
(Font)              <9> on input line 141.
LaTeX Font Info:    External font `cmex10' loaded for size
(Font)              <6> on input line 141.
<bmr26710-bn/LocalTc.600.0.fig0.pdf, id=188, 361.35pt x 216.81pt>
File: bmr26710-bn/LocalTc.600.0.fig0.pdf Graphic file (type pdf)
<use bmr26710-bn/LocalTc.600.0.fig0.pdf>
Package pdftex.def Info: bmr26710-bn/LocalTc.600.0.fig0.pdf  used on input line
 153.
(pdftex.def)             Requested size: 97.71951pt x 111.13734pt.
<bmr26710-bn/LocalTc.600.0.fig1.pdf, id=189, 361.35pt x 216.81pt>
File: bmr26710-bn/LocalTc.600.0.fig1.pdf Graphic file (type pdf)
<use bmr26710-bn/LocalTc.600.0.fig1.pdf>
Package pdftex.def Info: bmr26710-bn/LocalTc.600.0.fig1.pdf  used on input line
 154.
(pdftex.def)             Requested size: 97.71951pt x 111.13734pt.
<bmr26710-bn/LocalTc.600.0.fig2.pdf, id=190, 361.35pt x 216.81pt>
File: bmr26710-bn/LocalTc.600.0.fig2.pdf Graphic file (type pdf)
<use bmr26710-bn/LocalTc.600.0.fig2.pdf>
Package pdftex.def Info: bmr26710-bn/LocalTc.600.0.fig2.pdf  used on input line
 155.
(pdftex.def)             Requested size: 97.71951pt x 111.13734pt.
<bmr26710-bn/LocalTc.600.0.fig3.pdf, id=191, 361.35pt x 216.81pt>
File: bmr26710-bn/LocalTc.600.0.fig3.pdf Graphic file (type pdf)
<use bmr26710-bn/LocalTc.600.0.fig3.pdf>
Package pdftex.def Info: bmr26710-bn/LocalTc.600.0.fig3.pdf  used on input line
 156.
(pdftex.def)             Requested size: 97.71951pt x 111.13734pt.
<bmr26710-bn/LocalTc.600.0.fig4.pdf, id=192, 361.35pt x 216.81pt>
File: bmr26710-bn/LocalTc.600.0.fig4.pdf Graphic file (type pdf)
<use bmr26710-bn/LocalTc.600.0.fig4.pdf>
Package pdftex.def Info: bmr26710-bn/LocalTc.600.0.fig4.pdf  used on input line
 157.
(pdftex.def)             Requested size: 97.71951pt x 111.13734pt.
<bmr26710-bn/LocalTc.600.18.fig0.pdf, id=193, 361.35pt x 216.81pt>
File: bmr26710-bn/LocalTc.600.18.fig0.pdf Graphic file (type pdf)
<use bmr26710-bn/LocalTc.600.18.fig0.pdf>
Package pdftex.def Info: bmr26710-bn/LocalTc.600.18.fig0.pdf  used on input lin
e 158.
(pdftex.def)             Requested size: 97.71951pt x 111.13734pt.
<bmr26710-bn/LocalTc.600.18.fig1.pdf, id=194, 361.35pt x 216.81pt>
File: bmr26710-bn/LocalTc.600.18.fig1.pdf Graphic file (type pdf)
<use bmr26710-bn/LocalTc.600.18.fig1.pdf>
Package pdftex.def Info: bmr26710-bn/LocalTc.600.18.fig1.pdf  used on input lin
e 159.
(pdftex.def)             Requested size: 97.71951pt x 111.13734pt.
<bmr26710-bn/LocalTc.600.18.fig2.pdf, id=195, 361.35pt x 216.81pt>
File: bmr26710-bn/LocalTc.600.18.fig2.pdf Graphic file (type pdf)
<use bmr26710-bn/LocalTc.600.18.fig2.pdf>
Package pdftex.def Info: bmr26710-bn/LocalTc.600.18.fig2.pdf  used on input lin
e 160.
(pdftex.def)             Requested size: 97.71951pt x 111.13734pt.
<bmr26710-bn/LocalTc.600.18.fig3.pdf, id=196, 361.35pt x 216.81pt>
File: bmr26710-bn/LocalTc.600.18.fig3.pdf Graphic file (type pdf)
<use bmr26710-bn/LocalTc.600.18.fig3.pdf>
Package pdftex.def Info: bmr26710-bn/LocalTc.600.18.fig3.pdf  used on input lin
e 161.
(pdftex.def)             Requested size: 97.71951pt x 111.13734pt.
<bmr26710-bn/LocalTc.600.18.fig4.pdf, id=197, 361.35pt x 216.81pt>
File: bmr26710-bn/LocalTc.600.18.fig4.pdf Graphic file (type pdf)
<use bmr26710-bn/LocalTc.600.18.fig4.pdf>
Package pdftex.def Info: bmr26710-bn/LocalTc.600.18.fig4.pdf  used on input lin
e 162.
(pdftex.def)             Requested size: 97.71951pt x 111.13734pt.

Overfull \hbox (13.78955pt too wide) in paragraph at lines 153--163
[] [] [] [] []
 []


Overfull \hbox (13.78955pt too wide) in paragraph at lines 153--163
[] [] [] [] [] 
 []

<bmr26710-top/LocalTc.800.0.fig0.pdf, id=198, 361.35pt x 216.81pt>
File: bmr26710-top/LocalTc.800.0.fig0.pdf Graphic file (type pdf)
<use bmr26710-top/LocalTc.800.0.fig0.pdf>
Package pdftex.def Info: bmr26710-top/LocalTc.800.0.fig0.pdf  used on input lin
e 183.
(pdftex.def)             Requested size: 97.71951pt x 111.13734pt.
<bmr26710-top/LocalTc.800.0.fig1.pdf, id=199, 361.35pt x 216.81pt>
File: bmr26710-top/LocalTc.800.0.fig1.pdf Graphic file (type pdf)
<use bmr26710-top/LocalTc.800.0.fig1.pdf>
Package pdftex.def Info: bmr26710-top/LocalTc.800.0.fig1.pdf  used on input lin
e 184.
(pdftex.def)             Requested size: 97.71951pt x 111.13734pt.
<bmr26710-top/LocalTc.800.0.fig2.pdf, id=200, 361.35pt x 216.81pt>
File: bmr26710-top/LocalTc.800.0.fig2.pdf Graphic file (type pdf)
<use bmr26710-top/LocalTc.800.0.fig2.pdf>
Package pdftex.def Info: bmr26710-top/LocalTc.800.0.fig2.pdf  used on input lin
e 185.
(pdftex.def)             Requested size: 97.71951pt x 111.13734pt.
<bmr26710-top/LocalTc.800.0.fig3.pdf, id=201, 361.35pt x 216.81pt>
File: bmr26710-top/LocalTc.800.0.fig3.pdf Graphic file (type pdf)
<use bmr26710-top/LocalTc.800.0.fig3.pdf>
Package pdftex.def Info: bmr26710-top/LocalTc.800.0.fig3.pdf  used on input lin
e 186.
(pdftex.def)             Requested size: 97.71951pt x 111.13734pt.
<bmr26710-top/LocalTc.800.0.fig4.pdf, id=202, 361.35pt x 216.81pt>
File: bmr26710-top/LocalTc.800.0.fig4.pdf Graphic file (type pdf)
<use bmr26710-top/LocalTc.800.0.fig4.pdf>
Package pdftex.def Info: bmr26710-top/LocalTc.800.0.fig4.pdf  used on input lin
e 187.
(pdftex.def)             Requested size: 97.71951pt x 111.13734pt.

Overfull \hbox (13.78955pt too wide) in paragraph at lines 183--188
[] [] [] [] [] 
 []



[3

 <./bmr26710-bn/LocalTc.600.0.fig0.pdf> <./bmr26710-bn/LocalTc.600.0.fig1.pdf

pdfTeX warning: pdflatex (file ./bmr26710-bn/LocalTc.600.0.fig1.pdf): PDF inclu
sion: multiple pdfs with page group included in a single page
> <./bmr26710-bn/LocalTc.600.0.fig2.pdf

pdfTeX warning: pdflatex (file ./bmr26710-bn/LocalTc.600.0.fig2.pdf): PDF inclu
sion: multiple pdfs with page group included in a single page
> <./bmr26710-bn/LocalTc.600.0.fig3.pdf

pdfTeX warning: pdflatex (file ./bmr26710-bn/LocalTc.600.0.fig3.pdf): PDF inclu
sion: multiple pdfs with page group included in a single page
> <./bmr26710-bn/LocalTc.600.0.fig4.pdf

pdfTeX warning: pdflatex (file ./bmr26710-bn/LocalTc.600.0.fig4.pdf): PDF inclu
sion: multiple pdfs with page group included in a single page
> <./bmr26710-bn/LocalTc.600.18.fig0.pdf

pdfTeX warning: pdflatex (file ./bmr26710-bn/LocalTc.600.18.fig0.pdf): PDF incl
usion: multiple pdfs with page group included in a single page
> <./bmr26710-bn/LocalTc.600.18.fig1.pdf

pdfTeX warning: pdflatex (file ./bmr26710-bn/LocalTc.600.18.fig1.pdf): PDF incl
usion: multiple pdfs with page group included in a single page
> <./bmr26710-bn/LocalTc.600.18.fig2.pdf

pdfTeX warning: pdflatex (file ./bmr26710-bn/LocalTc.600.18.fig2.pdf): PDF incl
usion: multiple pdfs with page group included in a single page
> <./bmr26710-bn/LocalTc.600.18.fig3.pdf

pdfTeX warning: pdflatex (file ./bmr26710-bn/LocalTc.600.18.fig3.pdf): PDF incl
usion: multiple pdfs with page group included in a single page
> <./bmr26710-bn/LocalTc.600.18.fig4.pdf

pdfTeX warning: pdflatex (file ./bmr26710-bn/LocalTc.600.18.fig4.pdf): PDF incl
usion: multiple pdfs with page group included in a single page
> <./bmr26710-top/LocalTc.800.0.fig0.pdf

pdfTeX warning: pdflatex (file ./bmr26710-top/LocalTc.800.0.fig0.pdf): PDF incl
usion: multiple pdfs with page group included in a single page
> <./bmr26710-top/LocalTc.800.0.fig1.pdf

pdfTeX warning: pdflatex (file ./bmr26710-top/LocalTc.800.0.fig1.pdf): PDF incl
usion: multiple pdfs with page group included in a single page
> <./bmr26710-top/LocalTc.800.0.fig2.pdf

pdfTeX warning: pdflatex (file ./bmr26710-top/LocalTc.800.0.fig2.pdf): PDF incl
usion: multiple pdfs with page group included in a single page
> <./bmr26710-top/LocalTc.800.0.fig3.pdf

pdfTeX warning: pdflatex (file ./bmr26710-top/LocalTc.800.0.fig3.pdf): PDF incl
usion: multiple pdfs with page group included in a single page
> <./bmr26710-top/LocalTc.800.0.fig4.pdf

pdfTeX warning: pdflatex (file ./bmr26710-top/LocalTc.800.0.fig4.pdf): PDF incl
usion: multiple pdfs with page group included in a single page
>]
<bmr26710-b2m/LocalTc.500.0.fig0.pdf, id=621, 361.35pt x 216.81pt>
File: bmr26710-b2m/LocalTc.500.0.fig0.pdf Graphic file (type pdf)
<use bmr26710-b2m/LocalTc.500.0.fig0.pdf>
Package pdftex.def Info: bmr26710-b2m/LocalTc.500.0.fig0.pdf  used on input lin
e 208.
(pdftex.def)             Requested size: 97.71951pt x 111.13734pt.
<bmr26710-b2m/LocalTc.500.0.fig1.pdf, id=622, 361.35pt x 216.81pt>
File: bmr26710-b2m/LocalTc.500.0.fig1.pdf Graphic file (type pdf)
<use bmr26710-b2m/LocalTc.500.0.fig1.pdf>
Package pdftex.def Info: bmr26710-b2m/LocalTc.500.0.fig1.pdf  used on input lin
e 209.
(pdftex.def)             Requested size: 97.71951pt x 111.13734pt.
<bmr26710-b2m/LocalTc.500.0.fig2.pdf, id=623, 361.35pt x 216.81pt>
File: bmr26710-b2m/LocalTc.500.0.fig2.pdf Graphic file (type pdf)
<use bmr26710-b2m/LocalTc.500.0.fig2.pdf>
Package pdftex.def Info: bmr26710-b2m/LocalTc.500.0.fig2.pdf  used on input lin
e 210.
(pdftex.def)             Requested size: 97.71951pt x 111.13734pt.
<bmr26710-b2m/LocalTc.500.0.fig3.pdf, id=624, 361.35pt x 216.81pt>
File: bmr26710-b2m/LocalTc.500.0.fig3.pdf Graphic file (type pdf)
<use bmr26710-b2m/LocalTc.500.0.fig3.pdf>
Package pdftex.def Info: bmr26710-b2m/LocalTc.500.0.fig3.pdf  used on input lin
e 211.
(pdftex.def)             Requested size: 97.71951pt x 111.13734pt.
<bmr26710-b2m/LocalTc.500.0.fig4.pdf, id=625, 361.35pt x 216.81pt>
File: bmr26710-b2m/LocalTc.500.0.fig4.pdf Graphic file (type pdf)
<use bmr26710-b2m/LocalTc.500.0.fig4.pdf>
Package pdftex.def Info: bmr26710-b2m/LocalTc.500.0.fig4.pdf  used on input lin
e 212.
(pdftex.def)             Requested size: 97.71951pt x 111.13734pt.

Overfull \hbox (13.78955pt too wide) in paragraph at lines 208--213
[] [] [] [] [] 
 []

<bmr5991/LocalTc.800.0.fig0.pdf, id=626, 361.35pt x 216.81pt>
File: bmr5991/LocalTc.800.0.fig0.pdf Graphic file (type pdf)
<use bmr5991/LocalTc.800.0.fig0.pdf>
Package pdftex.def Info: bmr5991/LocalTc.800.0.fig0.pdf  used on input line 234
.
(pdftex.def)             Requested size: 97.71951pt x 111.13734pt.
<bmr5991/LocalTc.800.0.fig1.pdf, id=627, 361.35pt x 216.81pt>
File: bmr5991/LocalTc.800.0.fig1.pdf Graphic file (type pdf)
<use bmr5991/LocalTc.800.0.fig1.pdf>
Package pdftex.def Info: bmr5991/LocalTc.800.0.fig1.pdf  used on input line 235
.
(pdftex.def)             Requested size: 97.71951pt x 111.13734pt.
<bmr5991/LocalTc.800.0.fig2.pdf, id=628, 361.35pt x 216.81pt>
File: bmr5991/LocalTc.800.0.fig2.pdf Graphic file (type pdf)
<use bmr5991/LocalTc.800.0.fig2.pdf>
Package pdftex.def Info: bmr5991/LocalTc.800.0.fig2.pdf  used on input line 236
.
(pdftex.def)             Requested size: 97.71951pt x 111.13734pt.
<bmr5991/LocalTc.800.0.fig3.pdf, id=629, 361.35pt x 216.81pt>
File: bmr5991/LocalTc.800.0.fig3.pdf Graphic file (type pdf)
<use bmr5991/LocalTc.800.0.fig3.pdf>
Package pdftex.def Info: bmr5991/LocalTc.800.0.fig3.pdf  used on input line 237
.
(pdftex.def)             Requested size: 97.71951pt x 111.13734pt.
<bmr5991/LocalTc.800.0.fig4.pdf, id=630, 361.35pt x 216.81pt>
File: bmr5991/LocalTc.800.0.fig4.pdf Graphic file (type pdf)
<use bmr5991/LocalTc.800.0.fig4.pdf>
Package pdftex.def Info: bmr5991/LocalTc.800.0.fig4.pdf  used on input line 238
.
(pdftex.def)             Requested size: 97.71951pt x 111.13734pt.

Overfull \hbox (13.78955pt too wide) in paragraph at lines 234--239
[] [] [] [] [] 
 []

<bmr26507/LocalTc.600.0.fig0.pdf, id=631, 361.35pt x 216.81pt>
File: bmr26507/LocalTc.600.0.fig0.pdf Graphic file (type pdf)
<use bmr26507/LocalTc.600.0.fig0.pdf>
Package pdftex.def Info: bmr26507/LocalTc.600.0.fig0.pdf  used on input line 26
2.
(pdftex.def)             Requested size: 97.71951pt x 111.13734pt.
<bmr26507/LocalTc.600.0.fig1.pdf, id=632, 361.35pt x 216.81pt>
File: bmr26507/LocalTc.600.0.fig1.pdf Graphic file (type pdf)
<use bmr26507/LocalTc.600.0.fig1.pdf>
Package pdftex.def Info: bmr26507/LocalTc.600.0.fig1.pdf  used on input line 26
3.
(pdftex.def)             Requested size: 97.71951pt x 111.13734pt.
<bmr26507/LocalTc.600.0.fig2.pdf, id=633, 361.35pt x 216.81pt>
File: bmr26507/LocalTc.600.0.fig2.pdf Graphic file (type pdf)
<use bmr26507/LocalTc.600.0.fig2.pdf>
Package pdftex.def Info: bmr26507/LocalTc.600.0.fig2.pdf  used on input line 26
4.
(pdftex.def)             Requested size: 97.71951pt x 111.13734pt.
<bmr26507/LocalTc.600.0.fig3.pdf, id=634, 361.35pt x 216.81pt>
File: bmr26507/LocalTc.600.0.fig3.pdf Graphic file (type pdf)
<use bmr26507/LocalTc.600.0.fig3.pdf>
Package pdftex.def Info: bmr26507/LocalTc.600.0.fig3.pdf  used on input line 26
5.
(pdftex.def)             Requested size: 97.71951pt x 111.13734pt.
<bmr26507/LocalTc.600.0.fig4.pdf, id=635, 361.35pt x 216.81pt>
File: bmr26507/LocalTc.600.0.fig4.pdf Graphic file (type pdf)
<use bmr26507/LocalTc.600.0.fig4.pdf>
Package pdftex.def Info: bmr26507/LocalTc.600.0.fig4.pdf  used on input line 26
6.
(pdftex.def)             Requested size: 97.71951pt x 111.13734pt.

Overfull \hbox (13.78955pt too wide) in paragraph at lines 262--267
[] [] [] [] [] 
 []



[4 <./bmr26710-b2m/LocalTc.500.0.fig0.pdf> <./bmr26710-b2m/LocalTc.500.0.fig1.p
df

pdfTeX warning: pdflatex (file ./bmr26710-b2m/LocalTc.500.0.fig1.pdf): PDF incl
usion: multiple pdfs with page group included in a single page
> <./bmr26710-b2m/LocalTc.500.0.fig2.pdf

pdfTeX warning: pdflatex (file ./bmr26710-b2m/LocalTc.500.0.fig2.pdf): PDF incl
usion: multiple pdfs with page group included in a single page
> <./bmr26710-b2m/LocalTc.500.0.fig3.pdf

pdfTeX warning: pdflatex (file ./bmr26710-b2m/LocalTc.500.0.fig3.pdf): PDF incl
usion: multiple pdfs with page group included in a single page
> <./bmr26710-b2m/LocalTc.500.0.fig4.pdf

pdfTeX warning: pdflatex (file ./bmr26710-b2m/LocalTc.500.0.fig4.pdf): PDF incl
usion: multiple pdfs with page group included in a single page
> <./bmr5991/LocalTc.800.0.fig0.pdf

pdfTeX warning: pdflatex (file ./bmr5991/LocalTc.800.0.fig0.pdf): PDF inclusion
: multiple pdfs with page group included in a single page
> <./bmr5991/LocalTc.800.0.fig1.pdf

pdfTeX warning: pdflatex (file ./bmr5991/LocalTc.800.0.fig1.pdf): PDF inclusion
: multiple pdfs with page group included in a single page
> <./bmr5991/LocalTc.800.0.fig2.pdf

pdfTeX warning: pdflatex (file ./bmr5991/LocalTc.800.0.fig2.pdf): PDF inclusion
: multiple pdfs with page group included in a single page
> <./bmr5991/LocalTc.800.0.fig3.pdf

pdfTeX warning: pdflatex (file ./bmr5991/LocalTc.800.0.fig3.pdf): PDF inclusion
: multiple pdfs with page group included in a single page
> <./bmr5991/LocalTc.800.0.fig4.pdf

pdfTeX warning: pdflatex (file ./bmr5991/LocalTc.800.0.fig4.pdf): PDF inclusion
: multiple pdfs with page group included in a single page
>]
! Missing $ inserted.
<inserted text> 
                $
l.267 ...0001: ci-di-GMP in complex with ARR_CleD}
                                                  
I've inserted a begin-math/end-math symbol since I think
you left one out. Proceed, with fingers crossed.

LaTeX Font Info:    External font `cmex10' loaded for size
(Font)              <12> on input line 267.
LaTeX Font Info:    External font `cmex10' loaded for size
(Font)              <8> on input line 267.
! Missing $ inserted.
<inserted text> 
                $
l.267 ...0001: ci-di-GMP in complex with ARR_CleD}
                                                  
I've inserted a begin-math/end-math symbol since I think
you left one out. Proceed, with fingers crossed.

<bmr50001/LocalTc.800.0.fig0.pdf, id=911, 361.35pt x 216.81pt>
File: bmr50001/LocalTc.800.0.fig0.pdf Graphic file (type pdf)
<use bmr50001/LocalTc.800.0.fig0.pdf>
Package pdftex.def Info: bmr50001/LocalTc.800.0.fig0.pdf  used on input line 29
0.
(pdftex.def)             Requested size: 97.71951pt x 111.13734pt.
<bmr50001/LocalTc.800.0.fig1.pdf, id=912, 361.35pt x 216.81pt>
File: bmr50001/LocalTc.800.0.fig1.pdf Graphic file (type pdf)
<use bmr50001/LocalTc.800.0.fig1.pdf>
Package pdftex.def Info: bmr50001/LocalTc.800.0.fig1.pdf  used on input line 29
1.
(pdftex.def)             Requested size: 97.71951pt x 111.13734pt.
<bmr50001/LocalTc.800.0.fig2.pdf, id=913, 361.35pt x 216.81pt>
File: bmr50001/LocalTc.800.0.fig2.pdf Graphic file (type pdf)
<use bmr50001/LocalTc.800.0.fig2.pdf>
Package pdftex.def Info: bmr50001/LocalTc.800.0.fig2.pdf  used on input line 29
2.
(pdftex.def)             Requested size: 97.71951pt x 111.13734pt.
<bmr50001/LocalTc.800.0.fig3.pdf, id=914, 361.35pt x 216.81pt>
File: bmr50001/LocalTc.800.0.fig3.pdf Graphic file (type pdf)
<use bmr50001/LocalTc.800.0.fig3.pdf>
Package pdftex.def Info: bmr50001/LocalTc.800.0.fig3.pdf  used on input line 29
3.
(pdftex.def)             Requested size: 97.71951pt x 111.13734pt.
<bmr50001/LocalTc.800.0.fig4.pdf, id=915, 361.35pt x 216.81pt>
File: bmr50001/LocalTc.800.0.fig4.pdf Graphic file (type pdf)
<use bmr50001/LocalTc.800.0.fig4.pdf>
Package pdftex.def Info: bmr50001/LocalTc.800.0.fig4.pdf  used on input line 29
4.
(pdftex.def)             Requested size: 97.71951pt x 111.13734pt.

Overfull \hbox (13.78955pt too wide) in paragraph at lines 290--295
[] [] [] [] [] 
 []

<bmr18971/LocalTc.600.0.fig0.pdf, id=916, 361.35pt x 216.81pt>
File: bmr18971/LocalTc.600.0.fig0.pdf Graphic file (type pdf)
<use bmr18971/LocalTc.600.0.fig0.pdf>
Package pdftex.def Info: bmr18971/LocalTc.600.0.fig0.pdf  used on input line 31
8.
(pdftex.def)             Requested size: 97.71951pt x 111.13734pt.
<bmr18971/LocalTc.600.0.fig1.pdf, id=917, 361.35pt x 216.81pt>
File: bmr18971/LocalTc.600.0.fig1.pdf Graphic file (type pdf)
<use bmr18971/LocalTc.600.0.fig1.pdf>
Package pdftex.def Info: bmr18971/LocalTc.600.0.fig1.pdf  used on input line 31
9.
(pdftex.def)             Requested size: 97.71951pt x 111.13734pt.
<bmr18971/LocalTc.600.0.fig2.pdf, id=918, 361.35pt x 216.81pt>
File: bmr18971/LocalTc.600.0.fig2.pdf Graphic file (type pdf)
<use bmr18971/LocalTc.600.0.fig2.pdf>
Package pdftex.def Info: bmr18971/LocalTc.600.0.fig2.pdf  used on input line 32
0.
(pdftex.def)             Requested size: 97.71951pt x 111.13734pt.
<bmr18971/LocalTc.600.0.fig3.pdf, id=919, 361.35pt x 216.81pt>
File: bmr18971/LocalTc.600.0.fig3.pdf Graphic file (type pdf)
<use bmr18971/LocalTc.600.0.fig3.pdf>
Package pdftex.def Info: bmr18971/LocalTc.600.0.fig3.pdf  used on input line 32
1.
(pdftex.def)             Requested size: 97.71951pt x 111.13734pt.
<bmr18971/LocalTc.600.0.fig4.pdf, id=920, 361.35pt x 216.81pt>
File: bmr18971/LocalTc.600.0.fig4.pdf Graphic file (type pdf)
<use bmr18971/LocalTc.600.0.fig4.pdf>
Package pdftex.def Info: bmr18971/LocalTc.600.0.fig4.pdf  used on input line 32
2.
(pdftex.def)             Requested size: 97.71951pt x 111.13734pt.
<bmr18971/LocalTc.600.17.fig0.pdf, id=921, 361.35pt x 216.81pt>
File: bmr18971/LocalTc.600.17.fig0.pdf Graphic file (type pdf)
<use bmr18971/LocalTc.600.17.fig0.pdf>
Package pdftex.def Info: bmr18971/LocalTc.600.17.fig0.pdf  used on input line 3
23.
(pdftex.def)             Requested size: 97.71951pt x 111.13734pt.
<bmr18971/LocalTc.600.17.fig1.pdf, id=922, 361.35pt x 216.81pt>
File: bmr18971/LocalTc.600.17.fig1.pdf Graphic file (type pdf)
<use bmr18971/LocalTc.600.17.fig1.pdf>
Package pdftex.def Info: bmr18971/LocalTc.600.17.fig1.pdf  used on input line 3
24.
(pdftex.def)             Requested size: 97.71951pt x 111.13734pt.
<bmr18971/LocalTc.600.17.fig2.pdf, id=923, 361.35pt x 216.81pt>
File: bmr18971/LocalTc.600.17.fig2.pdf Graphic file (type pdf)
<use bmr18971/LocalTc.600.17.fig2.pdf>
Package pdftex.def Info: bmr18971/LocalTc.600.17.fig2.pdf  used on input line 3
25.
(pdftex.def)             Requested size: 97.71951pt x 111.13734pt.
<bmr18971/LocalTc.600.17.fig3.pdf, id=924, 361.35pt x 216.81pt>
File: bmr18971/LocalTc.600.17.fig3.pdf Graphic file (type pdf)
<use bmr18971/LocalTc.600.17.fig3.pdf>
Package pdftex.def Info: bmr18971/LocalTc.600.17.fig3.pdf  used on input line 3
26.
(pdftex.def)             Requested size: 97.71951pt x 111.13734pt.
<bmr18971/LocalTc.600.17.fig4.pdf, id=925, 361.35pt x 216.81pt>
File: bmr18971/LocalTc.600.17.fig4.pdf Graphic file (type pdf)
<use bmr18971/LocalTc.600.17.fig4.pdf>
Package pdftex.def Info: bmr18971/LocalTc.600.17.fig4.pdf  used on input line 3
27.
(pdftex.def)             Requested size: 97.71951pt x 111.13734pt.
<bmr18971/LocalTc.799.857.fig0.pdf, id=926, 361.35pt x 216.81pt>
File: bmr18971/LocalTc.799.857.fig0.pdf Graphic file (type pdf)
<use bmr18971/LocalTc.799.857.fig0.pdf>
Package pdftex.def Info: bmr18971/LocalTc.799.857.fig0.pdf  used on input line 
328.
(pdftex.def)             Requested size: 97.71951pt x 111.13734pt.
<bmr18971/LocalTc.799.857.fig1.pdf, id=927, 361.35pt x 216.81pt>
File: bmr18971/LocalTc.799.857.fig1.pdf Graphic file (type pdf)
<use bmr18971/LocalTc.799.857.fig1.pdf>
Package pdftex.def Info: bmr18971/LocalTc.799.857.fig1.pdf  used on input line 
329.
(pdftex.def)             Requested size: 97.71951pt x 111.13734pt.
<bmr18971/LocalTc.799.857.fig2.pdf, id=928, 361.35pt x 216.81pt>
File: bmr18971/LocalTc.799.857.fig2.pdf Graphic file (type pdf)
<use bmr18971/LocalTc.799.857.fig2.pdf>
Package pdftex.def Info: bmr18971/LocalTc.799.857.fig2.pdf  used on input line 
330.
(pdftex.def)             Requested size: 97.71951pt x 111.13734pt.
<bmr18971/LocalTc.799.857.fig3.pdf, id=929, 361.35pt x 216.81pt>
File: bmr18971/LocalTc.799.857.fig3.pdf Graphic file (type pdf)
<use bmr18971/LocalTc.799.857.fig3.pdf>
Package pdftex.def Info: bmr18971/LocalTc.799.857.fig3.pdf  used on input line 
331.
(pdftex.def)             Requested size: 97.71951pt x 111.13734pt.
<bmr18971/LocalTc.799.857.fig4.pdf, id=930, 361.35pt x 216.81pt>
File: bmr18971/LocalTc.799.857.fig4.pdf Graphic file (type pdf)
<use bmr18971/LocalTc.799.857.fig4.pdf>
Package pdftex.def Info: bmr18971/LocalTc.799.857.fig4.pdf  used on input line 
332.
(pdftex.def)             Requested size: 97.71951pt x 111.13734pt.

Overfull \hbox (13.78955pt too wide) in paragraph at lines 318--333
[] [] [] [] []
 []


Overfull \hbox (13.78955pt too wide) in paragraph at lines 318--333
[] [] [] [] []
 []


Overfull \hbox (13.78955pt too wide) in paragraph at lines 318--333
[] [] [] [] [] 
 []



[5 <./bmr26507/LocalTc.600.0.fig0.pdf> <./bmr26507/LocalTc.600.0.fig1.pdf

pdfTeX warning: pdflatex (file ./bmr26507/LocalTc.600.0.fig1.pdf): PDF inclusio
n: multiple pdfs with page group included in a single page
> <./bmr26507/LocalTc.600.0.fig2.pdf

pdfTeX warning: pdflatex (file ./bmr26507/LocalTc.600.0.fig2.pdf): PDF inclusio
n: multiple pdfs with page group included in a single page
> <./bmr26507/LocalTc.600.0.fig3.pdf

pdfTeX warning: pdflatex (file ./bmr26507/LocalTc.600.0.fig3.pdf): PDF inclusio
n: multiple pdfs with page group included in a single page
> <./bmr26507/LocalTc.600.0.fig4.pdf

pdfTeX warning: pdflatex (file ./bmr26507/LocalTc.600.0.fig4.pdf): PDF inclusio
n: multiple pdfs with page group included in a single page
> <./bmr50001/LocalTc.800.0.fig0.pdf

pdfTeX warning: pdflatex (file ./bmr50001/LocalTc.800.0.fig0.pdf): PDF inclusio
n: multiple pdfs with page group included in a single page
> <./bmr50001/LocalTc.800.0.fig1.pdf

pdfTeX warning: pdflatex (file ./bmr50001/LocalTc.800.0.fig1.pdf): PDF inclusio
n: multiple pdfs with page group included in a single page
> <./bmr50001/LocalTc.800.0.fig2.pdf

pdfTeX warning: pdflatex (file ./bmr50001/LocalTc.800.0.fig2.pdf): PDF inclusio
n: multiple pdfs with page group included in a single page
> <./bmr50001/LocalTc.800.0.fig3.pdf

pdfTeX warning: pdflatex (file ./bmr50001/LocalTc.800.0.fig3.pdf): PDF inclusio
n: multiple pdfs with page group included in a single page
> <./bmr50001/LocalTc.800.0.fig4.pdf

pdfTeX warning: pdflatex (file ./bmr50001/LocalTc.800.0.fig4.pdf): PDF inclusio
n: multiple pdfs with page group included in a single page
> <./bmr18971/LocalTc.600.0.fig0.pdf

pdfTeX warning: pdflatex (file ./bmr18971/LocalTc.600.0.fig0.pdf): PDF inclusio
n: multiple pdfs with page group included in a single page
> <./bmr18971/LocalTc.600.0.fig1.pdf

pdfTeX warning: pdflatex (file ./bmr18971/LocalTc.600.0.fig1.pdf): PDF inclusio
n: multiple pdfs with page group included in a single page
> <./bmr18971/LocalTc.600.0.fig2.pdf

pdfTeX warning: pdflatex (file ./bmr18971/LocalTc.600.0.fig2.pdf): PDF inclusio
n: multiple pdfs with page group included in a single page
> <./bmr18971/LocalTc.600.0.fig3.pdf

pdfTeX warning: pdflatex (file ./bmr18971/LocalTc.600.0.fig3.pdf): PDF inclusio
n: multiple pdfs with page group included in a single page
> <./bmr18971/LocalTc.600.0.fig4.pdf

pdfTeX warning: pdflatex (file ./bmr18971/LocalTc.600.0.fig4.pdf): PDF inclusio
n: multiple pdfs with page group included in a single page
>]
<bmr4390/LocalTc.600.0.fig0.pdf, id=1345, 361.35pt x 216.81pt>
File: bmr4390/LocalTc.600.0.fig0.pdf Graphic file (type pdf)
<use bmr4390/LocalTc.600.0.fig0.pdf>
Package pdftex.def Info: bmr4390/LocalTc.600.0.fig0.pdf  used on input line 356
.
(pdftex.def)             Requested size: 97.71951pt x 111.13734pt.
<bmr4390/LocalTc.600.0.fig1.pdf, id=1346, 361.35pt x 216.81pt>
File: bmr4390/LocalTc.600.0.fig1.pdf Graphic file (type pdf)
<use bmr4390/LocalTc.600.0.fig1.pdf>
Package pdftex.def Info: bmr4390/LocalTc.600.0.fig1.pdf  used on input line 357
.
(pdftex.def)             Requested size: 97.71951pt x 111.13734pt.
<bmr4390/LocalTc.600.0.fig2.pdf, id=1347, 361.35pt x 216.81pt>
File: bmr4390/LocalTc.600.0.fig2.pdf Graphic file (type pdf)
<use bmr4390/LocalTc.600.0.fig2.pdf>
Package pdftex.def Info: bmr4390/LocalTc.600.0.fig2.pdf  used on input line 358
.
(pdftex.def)             Requested size: 97.71951pt x 111.13734pt.
<bmr4390/LocalTc.600.0.fig3.pdf, id=1348, 361.35pt x 216.81pt>
File: bmr4390/LocalTc.600.0.fig3.pdf Graphic file (type pdf)
<use bmr4390/LocalTc.600.0.fig3.pdf>
Package pdftex.def Info: bmr4390/LocalTc.600.0.fig3.pdf  used on input line 359
.
(pdftex.def)             Requested size: 97.71951pt x 111.13734pt.
<bmr4390/LocalTc.600.0.fig4.pdf, id=1349, 361.35pt x 216.81pt>
File: bmr4390/LocalTc.600.0.fig4.pdf Graphic file (type pdf)
<use bmr4390/LocalTc.600.0.fig4.pdf>
Package pdftex.def Info: bmr4390/LocalTc.600.0.fig4.pdf  used on input line 360
.
(pdftex.def)             Requested size: 97.71951pt x 111.13734pt.

Overfull \hbox (13.78955pt too wide) in paragraph at lines 356--361
[] [] [] [] [] 
 []

<bmr4245/LocalTc.500.13.fig0.pdf, id=1350, 361.35pt x 216.81pt>
File: bmr4245/LocalTc.500.13.fig0.pdf Graphic file (type pdf)
<use bmr4245/LocalTc.500.13.fig0.pdf>
Package pdftex.def Info: bmr4245/LocalTc.500.13.fig0.pdf  used on input line 38
4.
(pdftex.def)             Requested size: 97.71951pt x 111.13734pt.
<bmr4245/LocalTc.500.13.fig1.pdf, id=1351, 361.35pt x 216.81pt>
File: bmr4245/LocalTc.500.13.fig1.pdf Graphic file (type pdf)
<use bmr4245/LocalTc.500.13.fig1.pdf>
Package pdftex.def Info: bmr4245/LocalTc.500.13.fig1.pdf  used on input line 38
5.
(pdftex.def)             Requested size: 97.71951pt x 111.13734pt.
<bmr4245/LocalTc.500.13.fig2.pdf, id=1352, 361.35pt x 216.81pt>
File: bmr4245/LocalTc.500.13.fig2.pdf Graphic file (type pdf)
<use bmr4245/LocalTc.500.13.fig2.pdf>
Package pdftex.def Info: bmr4245/LocalTc.500.13.fig2.pdf  used on input line 38
6.
(pdftex.def)             Requested size: 97.71951pt x 111.13734pt.
<bmr4245/LocalTc.500.13.fig3.pdf, id=1353, 361.35pt x 216.81pt>
File: bmr4245/LocalTc.500.13.fig3.pdf Graphic file (type pdf)
<use bmr4245/LocalTc.500.13.fig3.pdf>
Package pdftex.def Info: bmr4245/LocalTc.500.13.fig3.pdf  used on input line 38
7.
(pdftex.def)             Requested size: 97.71951pt x 111.13734pt.
<bmr4245/LocalTc.500.13.fig4.pdf, id=1354, 361.35pt x 216.81pt>
File: bmr4245/LocalTc.500.13.fig4.pdf Graphic file (type pdf)
<use bmr4245/LocalTc.500.13.fig4.pdf>
Package pdftex.def Info: bmr4245/LocalTc.500.13.fig4.pdf  used on input line 38
8.
(pdftex.def)             Requested size: 97.71951pt x 111.13734pt.
<bmr4245/LocalTc.500.0.fig0.pdf, id=1355, 361.35pt x 216.81pt>
File: bmr4245/LocalTc.500.0.fig0.pdf Graphic file (type pdf)
<use bmr4245/LocalTc.500.0.fig0.pdf>
Package pdftex.def Info: bmr4245/LocalTc.500.0.fig0.pdf  used on input line 389
.
(pdftex.def)             Requested size: 97.71951pt x 111.13734pt.
<bmr4245/LocalTc.500.0.fig1.pdf, id=1356, 361.35pt x 216.81pt>
File: bmr4245/LocalTc.500.0.fig1.pdf Graphic file (type pdf)
<use bmr4245/LocalTc.500.0.fig1.pdf>
Package pdftex.def Info: bmr4245/LocalTc.500.0.fig1.pdf  used on input line 390
.
(pdftex.def)             Requested size: 97.71951pt x 111.13734pt.
<bmr4245/LocalTc.500.0.fig2.pdf, id=1357, 361.35pt x 216.81pt>
File: bmr4245/LocalTc.500.0.fig2.pdf Graphic file (type pdf)
<use bmr4245/LocalTc.500.0.fig2.pdf>
Package pdftex.def Info: bmr4245/LocalTc.500.0.fig2.pdf  used on input line 391
.
(pdftex.def)             Requested size: 97.71951pt x 111.13734pt.
<bmr4245/LocalTc.500.0.fig3.pdf, id=1358, 361.35pt x 216.81pt>
File: bmr4245/LocalTc.500.0.fig3.pdf Graphic file (type pdf)
<use bmr4245/LocalTc.500.0.fig3.pdf>
Package pdftex.def Info: bmr4245/LocalTc.500.0.fig3.pdf  used on input line 392
.
(pdftex.def)             Requested size: 97.71951pt x 111.13734pt.
<bmr4245/LocalTc.500.0.fig4.pdf, id=1359, 361.35pt x 216.81pt>
File: bmr4245/LocalTc.500.0.fig4.pdf Graphic file (type pdf)
<use bmr4245/LocalTc.500.0.fig4.pdf>
Package pdftex.def Info: bmr4245/LocalTc.500.0.fig4.pdf  used on input line 393
.
(pdftex.def)             Requested size: 97.71951pt x 111.13734pt.

Overfull \hbox (13.78955pt too wide) in paragraph at lines 384--394
[] [] [] [] []
 []


Overfull \hbox (13.78955pt too wide) in paragraph at lines 384--394
[] [] [] [] [] 
 []



[6 <./bmr18971/LocalTc.600.17.fig0.pdf> <./bmr18971/LocalTc.600.17.fig1.pdf

pdfTeX warning: pdflatex (file ./bmr18971/LocalTc.600.17.fig1.pdf): PDF inclusi
on: multiple pdfs with page group included in a single page
> <./bmr18971/LocalTc.600.17.fig2.pdf

pdfTeX warning: pdflatex (file ./bmr18971/LocalTc.600.17.fig2.pdf): PDF inclusi
on: multiple pdfs with page group included in a single page
> <./bmr18971/LocalTc.600.17.fig3.pdf

pdfTeX warning: pdflatex (file ./bmr18971/LocalTc.600.17.fig3.pdf): PDF inclusi
on: multiple pdfs with page group included in a single page
> <./bmr18971/LocalTc.600.17.fig4.pdf

pdfTeX warning: pdflatex (file ./bmr18971/LocalTc.600.17.fig4.pdf): PDF inclusi
on: multiple pdfs with page group included in a single page
> <./bmr18971/LocalTc.799.857.fig0.pdf

pdfTeX warning: pdflatex (file ./bmr18971/LocalTc.799.857.fig0.pdf): PDF inclus
ion: multiple pdfs with page group included in a single page
> <./bmr18971/LocalTc.799.857.fig1.pdf

pdfTeX warning: pdflatex (file ./bmr18971/LocalTc.799.857.fig1.pdf): PDF inclus
ion: multiple pdfs with page group included in a single page
> <./bmr18971/LocalTc.799.857.fig2.pdf

pdfTeX warning: pdflatex (file ./bmr18971/LocalTc.799.857.fig2.pdf): PDF inclus
ion: multiple pdfs with page group included in a single page
> <./bmr18971/LocalTc.799.857.fig3.pdf

pdfTeX warning: pdflatex (file ./bmr18971/LocalTc.799.857.fig3.pdf): PDF inclus
ion: multiple pdfs with page group included in a single page
> <./bmr18971/LocalTc.799.857.fig4.pdf

pdfTeX warning: pdflatex (file ./bmr18971/LocalTc.799.857.fig4.pdf): PDF inclus
ion: multiple pdfs with page group included in a single page
> <./bmr4390/LocalTc.600.0.fig0.pdf

pdfTeX warning: pdflatex (file ./bmr4390/LocalTc.600.0.fig0.pdf): PDF inclusion
: multiple pdfs with page group included in a single page
> <./bmr4390/LocalTc.600.0.fig1.pdf

pdfTeX warning: pdflatex (file ./bmr4390/LocalTc.600.0.fig1.pdf): PDF inclusion
: multiple pdfs with page group included in a single page
> <./bmr4390/LocalTc.600.0.fig2.pdf

pdfTeX warning: pdflatex (file ./bmr4390/LocalTc.600.0.fig2.pdf): PDF inclusion
: multiple pdfs with page group included in a single page
> <./bmr4390/LocalTc.600.0.fig3.pdf

pdfTeX warning: pdflatex (file ./bmr4390/LocalTc.600.0.fig3.pdf): PDF inclusion
: multiple pdfs with page group included in a single page
> <./bmr4390/LocalTc.600.0.fig4.pdf

pdfTeX warning: pdflatex (file ./bmr4390/LocalTc.600.0.fig4.pdf): PDF inclusion
: multiple pdfs with page group included in a single page
>]
Overfull \hbox (0.96117pt too wide) in paragraph at lines 405--415
[]
 []


Underfull \hbox (badness 10000) in paragraph at lines 405--415

 []

<bmr27011/LocalTc.600.0.fig0.pdf, id=1772, 361.35pt x 216.81pt>
File: bmr27011/LocalTc.600.0.fig0.pdf Graphic file (type pdf)
<use bmr27011/LocalTc.600.0.fig0.pdf>
Package pdftex.def Info: bmr27011/LocalTc.600.0.fig0.pdf  used on input line 41
7.
(pdftex.def)             Requested size: 97.71951pt x 111.13734pt.
<bmr27011/LocalTc.600.0.fig1.pdf, id=1773, 361.35pt x 216.81pt>
File: bmr27011/LocalTc.600.0.fig1.pdf Graphic file (type pdf)
<use bmr27011/LocalTc.600.0.fig1.pdf>
Package pdftex.def Info: bmr27011/LocalTc.600.0.fig1.pdf  used on input line 41
8.
(pdftex.def)             Requested size: 97.71951pt x 111.13734pt.
<bmr27011/LocalTc.600.0.fig2.pdf, id=1774, 361.35pt x 216.81pt>
File: bmr27011/LocalTc.600.0.fig2.pdf Graphic file (type pdf)
<use bmr27011/LocalTc.600.0.fig2.pdf>
Package pdftex.def Info: bmr27011/LocalTc.600.0.fig2.pdf  used on input line 41
9.
(pdftex.def)             Requested size: 97.71951pt x 111.13734pt.
<bmr27011/LocalTc.600.0.fig3.pdf, id=1775, 361.35pt x 216.81pt>
File: bmr27011/LocalTc.600.0.fig3.pdf Graphic file (type pdf)
<use bmr27011/LocalTc.600.0.fig3.pdf>
Package pdftex.def Info: bmr27011/LocalTc.600.0.fig3.pdf  used on input line 42
0.
(pdftex.def)             Requested size: 97.71951pt x 111.13734pt.
<bmr27011/LocalTc.600.0.fig4.pdf, id=1776, 361.35pt x 216.81pt>
File: bmr27011/LocalTc.600.0.fig4.pdf Graphic file (type pdf)
<use bmr27011/LocalTc.600.0.fig4.pdf>
Package pdftex.def Info: bmr27011/LocalTc.600.0.fig4.pdf  used on input line 42
1.
(pdftex.def)             Requested size: 97.71951pt x 111.13734pt.
File: bmr27011/LocalTc.600.0.fig0.pdf Graphic file (type pdf)
<use bmr27011/LocalTc.600.0.fig0.pdf>
Package pdftex.def Info: bmr27011/LocalTc.600.0.fig0.pdf  used on input line 42
2.
(pdftex.def)             Requested size: 97.71951pt x 111.13734pt.
File: bmr27011/LocalTc.600.0.fig1.pdf Graphic file (type pdf)
<use bmr27011/LocalTc.600.0.fig1.pdf>
Package pdftex.def Info: bmr27011/LocalTc.600.0.fig1.pdf  used on input line 42
3.
(pdftex.def)             Requested size: 97.71951pt x 111.13734pt.
File: bmr27011/LocalTc.600.0.fig2.pdf Graphic file (type pdf)
<use bmr27011/LocalTc.600.0.fig2.pdf>
Package pdftex.def Info: bmr27011/LocalTc.600.0.fig2.pdf  used on input line 42
4.
(pdftex.def)             Requested size: 97.71951pt x 111.13734pt.
File: bmr27011/LocalTc.600.0.fig3.pdf Graphic file (type pdf)
<use bmr27011/LocalTc.600.0.fig3.pdf>
Package pdftex.def Info: bmr27011/LocalTc.600.0.fig3.pdf  used on input line 42
5.
(pdftex.def)             Requested size: 97.71951pt x 111.13734pt.
File: bmr27011/LocalTc.600.0.fig4.pdf Graphic file (type pdf)
<use bmr27011/LocalTc.600.0.fig4.pdf>
Package pdftex.def Info: bmr27011/LocalTc.600.0.fig4.pdf  used on input line 42
6.
(pdftex.def)             Requested size: 97.71951pt x 111.13734pt.
<bmr27011/LocalTc.850.0.fig0.pdf, id=1777, 361.35pt x 216.81pt>
File: bmr27011/LocalTc.850.0.fig0.pdf Graphic file (type pdf)
<use bmr27011/LocalTc.850.0.fig0.pdf>
Package pdftex.def Info: bmr27011/LocalTc.850.0.fig0.pdf  used on input line 42
7.
(pdftex.def)             Requested size: 97.71951pt x 111.13734pt.
<bmr27011/LocalTc.850.0.fig1.pdf, id=1778, 361.35pt x 216.81pt>
File: bmr27011/LocalTc.850.0.fig1.pdf Graphic file (type pdf)
<use bmr27011/LocalTc.850.0.fig1.pdf>
Package pdftex.def Info: bmr27011/LocalTc.850.0.fig1.pdf  used on input line 42
8.
(pdftex.def)             Requested size: 97.71951pt x 111.13734pt.
<bmr27011/LocalTc.850.0.fig2.pdf, id=1779, 361.35pt x 216.81pt>
File: bmr27011/LocalTc.850.0.fig2.pdf Graphic file (type pdf)
<use bmr27011/LocalTc.850.0.fig2.pdf>
Package pdftex.def Info: bmr27011/LocalTc.850.0.fig2.pdf  used on input line 42
9.
(pdftex.def)             Requested size: 97.71951pt x 111.13734pt.
<bmr27011/LocalTc.850.0.fig3.pdf, id=1780, 361.35pt x 216.81pt>
File: bmr27011/LocalTc.850.0.fig3.pdf Graphic file (type pdf)
<use bmr27011/LocalTc.850.0.fig3.pdf>
Package pdftex.def Info: bmr27011/LocalTc.850.0.fig3.pdf  used on input line 43
0.
(pdftex.def)             Requested size: 97.71951pt x 111.13734pt.
<bmr27011/LocalTc.850.0.fig4.pdf, id=1781, 361.35pt x 216.81pt>
File: bmr27011/LocalTc.850.0.fig4.pdf Graphic file (type pdf)
<use bmr27011/LocalTc.850.0.fig4.pdf>
Package pdftex.def Info: bmr27011/LocalTc.850.0.fig4.pdf  used on input line 43
1.
(pdftex.def)             Requested size: 97.71951pt x 111.13734pt.

Overfull \hbox (13.78955pt too wide) in paragraph at lines 417--432
[] [] [] [] []
 []


Overfull \hbox (13.78955pt too wide) in paragraph at lines 417--432
[] [] [] [] []
 []


Overfull \hbox (13.78955pt too wide) in paragraph at lines 417--432
[] [] [] [] [] 
 []



[7 <./bmr4245/LocalTc.500.13.fig0.pdf> <./bmr4245/LocalTc.500.13.fig1.pdf

pdfTeX warning: pdflatex (file ./bmr4245/LocalTc.500.13.fig1.pdf): PDF inclusio
n: multiple pdfs with page group included in a single page
> <./bmr4245/LocalTc.500.13.fig2.pdf

pdfTeX warning: pdflatex (file ./bmr4245/LocalTc.500.13.fig2.pdf): PDF inclusio
n: multiple pdfs with page group included in a single page
> <./bmr4245/LocalTc.500.13.fig3.pdf

pdfTeX warning: pdflatex (file ./bmr4245/LocalTc.500.13.fig3.pdf): PDF inclusio
n: multiple pdfs with page group included in a single page
> <./bmr4245/LocalTc.500.13.fig4.pdf

pdfTeX warning: pdflatex (file ./bmr4245/LocalTc.500.13.fig4.pdf): PDF inclusio
n: multiple pdfs with page group included in a single page
> <./bmr4245/LocalTc.500.0.fig0.pdf

pdfTeX warning: pdflatex (file ./bmr4245/LocalTc.500.0.fig0.pdf): PDF inclusion
: multiple pdfs with page group included in a single page
> <./bmr4245/LocalTc.500.0.fig1.pdf

pdfTeX warning: pdflatex (file ./bmr4245/LocalTc.500.0.fig1.pdf): PDF inclusion
: multiple pdfs with page group included in a single page
> <./bmr4245/LocalTc.500.0.fig2.pdf

pdfTeX warning: pdflatex (file ./bmr4245/LocalTc.500.0.fig2.pdf): PDF inclusion
: multiple pdfs with page group included in a single page
> <./bmr4245/LocalTc.500.0.fig3.pdf

pdfTeX warning: pdflatex (file ./bmr4245/LocalTc.500.0.fig3.pdf): PDF inclusion
: multiple pdfs with page group included in a single page
> <./bmr4245/LocalTc.500.0.fig4.pdf

pdfTeX warning: pdflatex (file ./bmr4245/LocalTc.500.0.fig4.pdf): PDF inclusion
: multiple pdfs with page group included in a single page
> <./bmr27011/LocalTc.600.0.fig0.pdf

pdfTeX warning: pdflatex (file ./bmr27011/LocalTc.600.0.fig0.pdf): PDF inclusio
n: multiple pdfs with page group included in a single page
> <./bmr27011/LocalTc.600.0.fig1.pdf

pdfTeX warning: pdflatex (file ./bmr27011/LocalTc.600.0.fig1.pdf): PDF inclusio
n: multiple pdfs with page group included in a single page
> <./bmr27011/LocalTc.600.0.fig2.pdf

pdfTeX warning: pdflatex (file ./bmr27011/LocalTc.600.0.fig2.pdf): PDF inclusio
n: multiple pdfs with page group included in a single page
> <./bmr27011/LocalTc.600.0.fig3.pdf

pdfTeX warning: pdflatex (file ./bmr27011/LocalTc.600.0.fig3.pdf): PDF inclusio
n: multiple pdfs with page group included in a single page
> <./bmr27011/LocalTc.600.0.fig4.pdf

pdfTeX warning: pdflatex (file ./bmr27011/LocalTc.600.0.fig4.pdf): PDF inclusio
n: multiple pdfs with page group included in a single page
>]
<bmr17069/LocalTc.600.0.fig0.pdf, id=2195, 361.35pt x 216.81pt>
File: bmr17069/LocalTc.600.0.fig0.pdf Graphic file (type pdf)
<use bmr17069/LocalTc.600.0.fig0.pdf>
Package pdftex.def Info: bmr17069/LocalTc.600.0.fig0.pdf  used on input line 45
5.
(pdftex.def)             Requested size: 97.71951pt x 111.13734pt.
<bmr17069/LocalTc.600.0.fig1.pdf, id=2196, 361.35pt x 216.81pt>
File: bmr17069/LocalTc.600.0.fig1.pdf Graphic file (type pdf)
<use bmr17069/LocalTc.600.0.fig1.pdf>
Package pdftex.def Info: bmr17069/LocalTc.600.0.fig1.pdf  used on input line 45
6.
(pdftex.def)             Requested size: 97.71951pt x 111.13734pt.
<bmr17069/LocalTc.600.0.fig2.pdf, id=2197, 361.35pt x 216.81pt>
File: bmr17069/LocalTc.600.0.fig2.pdf Graphic file (type pdf)
<use bmr17069/LocalTc.600.0.fig2.pdf>
Package pdftex.def Info: bmr17069/LocalTc.600.0.fig2.pdf  used on input line 45
7.
(pdftex.def)             Requested size: 97.71951pt x 111.13734pt.
<bmr17069/LocalTc.600.0.fig3.pdf, id=2198, 361.35pt x 216.81pt>
File: bmr17069/LocalTc.600.0.fig3.pdf Graphic file (type pdf)
<use bmr17069/LocalTc.600.0.fig3.pdf>
Package pdftex.def Info: bmr17069/LocalTc.600.0.fig3.pdf  used on input line 45
8.
(pdftex.def)             Requested size: 97.71951pt x 111.13734pt.
<bmr17069/LocalTc.600.0.fig4.pdf, id=2199, 361.35pt x 216.81pt>
File: bmr17069/LocalTc.600.0.fig4.pdf Graphic file (type pdf)
<use bmr17069/LocalTc.600.0.fig4.pdf>
Package pdftex.def Info: bmr17069/LocalTc.600.0.fig4.pdf  used on input line 45
9.
(pdftex.def)             Requested size: 97.71951pt x 111.13734pt.

Overfull \hbox (13.78955pt too wide) in paragraph at lines 455--460
[] [] [] [] [] 
 []

<bmr15451/LocalTc.899.864.fig0.pdf, id=2200, 361.35pt x 216.81pt>
File: bmr15451/LocalTc.899.864.fig0.pdf Graphic file (type pdf)
<use bmr15451/LocalTc.899.864.fig0.pdf>
Package pdftex.def Info: bmr15451/LocalTc.899.864.fig0.pdf  used on input line 
483.
(pdftex.def)             Requested size: 97.71951pt x 111.13734pt.
<bmr15451/LocalTc.899.864.fig1.pdf, id=2201, 361.35pt x 216.81pt>
File: bmr15451/LocalTc.899.864.fig1.pdf Graphic file (type pdf)
<use bmr15451/LocalTc.899.864.fig1.pdf>
Package pdftex.def Info: bmr15451/LocalTc.899.864.fig1.pdf  used on input line 
484.
(pdftex.def)             Requested size: 97.71951pt x 111.13734pt.
<bmr15451/LocalTc.899.864.fig2.pdf, id=2202, 361.35pt x 216.81pt>
File: bmr15451/LocalTc.899.864.fig2.pdf Graphic file (type pdf)
<use bmr15451/LocalTc.899.864.fig2.pdf>
Package pdftex.def Info: bmr15451/LocalTc.899.864.fig2.pdf  used on input line 
485.
(pdftex.def)             Requested size: 97.71951pt x 111.13734pt.
<bmr15451/LocalTc.899.864.fig3.pdf, id=2203, 361.35pt x 216.81pt>
File: bmr15451/LocalTc.899.864.fig3.pdf Graphic file (type pdf)
<use bmr15451/LocalTc.899.864.fig3.pdf>
Package pdftex.def Info: bmr15451/LocalTc.899.864.fig3.pdf  used on input line 
486.
(pdftex.def)             Requested size: 97.71951pt x 111.13734pt.
<bmr15451/LocalTc.899.864.fig4.pdf, id=2204, 361.35pt x 216.81pt>
File: bmr15451/LocalTc.899.864.fig4.pdf Graphic file (type pdf)
<use bmr15451/LocalTc.899.864.fig4.pdf>
Package pdftex.def Info: bmr15451/LocalTc.899.864.fig4.pdf  used on input line 
487.
(pdftex.def)             Requested size: 97.71951pt x 111.13734pt.

Overfull \hbox (13.78955pt too wide) in paragraph at lines 483--488
[] [] [] [] [] 
 []



[8 <./bmr27011/LocalTc.850.0.fig0.pdf> <./bmr27011/LocalTc.850.0.fig1.pdf

pdfTeX warning: pdflatex (file ./bmr27011/LocalTc.850.0.fig1.pdf): PDF inclusio
n: multiple pdfs with page group included in a single page
> <./bmr27011/LocalTc.850.0.fig2.pdf

pdfTeX warning: pdflatex (file ./bmr27011/LocalTc.850.0.fig2.pdf): PDF inclusio
n: multiple pdfs with page group included in a single page
> <./bmr27011/LocalTc.850.0.fig3.pdf

pdfTeX warning: pdflatex (file ./bmr27011/LocalTc.850.0.fig3.pdf): PDF inclusio
n: multiple pdfs with page group included in a single page
> <./bmr27011/LocalTc.850.0.fig4.pdf

pdfTeX warning: pdflatex (file ./bmr27011/LocalTc.850.0.fig4.pdf): PDF inclusio
n: multiple pdfs with page group included in a single page
> <./bmr17069/LocalTc.600.0.fig0.pdf

pdfTeX warning: pdflatex (file ./bmr17069/LocalTc.600.0.fig0.pdf): PDF inclusio
n: multiple pdfs with page group included in a single page
> <./bmr17069/LocalTc.600.0.fig1.pdf

pdfTeX warning: pdflatex (file ./bmr17069/LocalTc.600.0.fig1.pdf): PDF inclusio
n: multiple pdfs with page group included in a single page
> <./bmr17069/LocalTc.600.0.fig2.pdf

pdfTeX warning: pdflatex (file ./bmr17069/LocalTc.600.0.fig2.pdf): PDF inclusio
n: multiple pdfs with page group included in a single page
> <./bmr17069/LocalTc.600.0.fig3.pdf

pdfTeX warning: pdflatex (file ./bmr17069/LocalTc.600.0.fig3.pdf): PDF inclusio
n: multiple pdfs with page group included in a single page
> <./bmr17069/LocalTc.600.0.fig4.pdf

pdfTeX warning: pdflatex (file ./bmr17069/LocalTc.600.0.fig4.pdf): PDF inclusio
n: multiple pdfs with page group included in a single page
> <./bmr15451/LocalTc.899.864.fig0.pdf

pdfTeX warning: pdflatex (file ./bmr15451/LocalTc.899.864.fig0.pdf): PDF inclus
ion: multiple pdfs with page group included in a single page
> <./bmr15451/LocalTc.899.864.fig1.pdf

pdfTeX warning: pdflatex (file ./bmr15451/LocalTc.899.864.fig1.pdf): PDF inclus
ion: multiple pdfs with page group included in a single page
> <./bmr15451/LocalTc.899.864.fig2.pdf

pdfTeX warning: pdflatex (file ./bmr15451/LocalTc.899.864.fig2.pdf): PDF inclus
ion: multiple pdfs with page group included in a single page
> <./bmr15451/LocalTc.899.864.fig3.pdf

pdfTeX warning: pdflatex (file ./bmr15451/LocalTc.899.864.fig3.pdf): PDF inclus
ion: multiple pdfs with page group included in a single page
> <./bmr15451/LocalTc.899.864.fig4.pdf

pdfTeX warning: pdflatex (file ./bmr15451/LocalTc.899.864.fig4.pdf): PDF inclus
ion: multiple pdfs with page group included in a single page
>]
<bmr11080/LocalTc.600.0.fig0.pdf, id=2617, 361.35pt x 216.81pt>
File: bmr11080/LocalTc.600.0.fig0.pdf Graphic file (type pdf)
<use bmr11080/LocalTc.600.0.fig0.pdf>
Package pdftex.def Info: bmr11080/LocalTc.600.0.fig0.pdf  used on input line 51
1.
(pdftex.def)             Requested size: 97.71951pt x 111.13734pt.
<bmr11080/LocalTc.600.0.fig1.pdf, id=2618, 361.35pt x 216.81pt>
File: bmr11080/LocalTc.600.0.fig1.pdf Graphic file (type pdf)
<use bmr11080/LocalTc.600.0.fig1.pdf>
Package pdftex.def Info: bmr11080/LocalTc.600.0.fig1.pdf  used on input line 51
2.
(pdftex.def)             Requested size: 97.71951pt x 111.13734pt.
<bmr11080/LocalTc.600.0.fig2.pdf, id=2619, 361.35pt x 216.81pt>
File: bmr11080/LocalTc.600.0.fig2.pdf Graphic file (type pdf)
<use bmr11080/LocalTc.600.0.fig2.pdf>
Package pdftex.def Info: bmr11080/LocalTc.600.0.fig2.pdf  used on input line 51
3.
(pdftex.def)             Requested size: 97.71951pt x 111.13734pt.
<bmr11080/LocalTc.600.0.fig3.pdf, id=2620, 361.35pt x 216.81pt>
File: bmr11080/LocalTc.600.0.fig3.pdf Graphic file (type pdf)
<use bmr11080/LocalTc.600.0.fig3.pdf>
Package pdftex.def Info: bmr11080/LocalTc.600.0.fig3.pdf  used on input line 51
4.
(pdftex.def)             Requested size: 97.71951pt x 111.13734pt.
<bmr11080/LocalTc.600.0.fig4.pdf, id=2621, 361.35pt x 216.81pt>
File: bmr11080/LocalTc.600.0.fig4.pdf Graphic file (type pdf)
<use bmr11080/LocalTc.600.0.fig4.pdf>
Package pdftex.def Info: bmr11080/LocalTc.600.0.fig4.pdf  used on input line 51
5.
(pdftex.def)             Requested size: 97.71951pt x 111.13734pt.

Overfull \hbox (13.78955pt too wide) in paragraph at lines 511--516
[] [] [] [] [] 
 []

<bmr5079/LocalTc.800.066.fig0.pdf, id=2622, 361.35pt x 216.81pt>
File: bmr5079/LocalTc.800.066.fig0.pdf Graphic file (type pdf)
<use bmr5079/LocalTc.800.066.fig0.pdf>
Package pdftex.def Info: bmr5079/LocalTc.800.066.fig0.pdf  used on input line 5
39.
(pdftex.def)             Requested size: 97.71951pt x 111.13734pt.
<bmr5079/LocalTc.800.066.fig1.pdf, id=2623, 361.35pt x 216.81pt>
File: bmr5079/LocalTc.800.066.fig1.pdf Graphic file (type pdf)
<use bmr5079/LocalTc.800.066.fig1.pdf>
Package pdftex.def Info: bmr5079/LocalTc.800.066.fig1.pdf  used on input line 5
40.
(pdftex.def)             Requested size: 97.71951pt x 111.13734pt.
<bmr5079/LocalTc.800.066.fig2.pdf, id=2624, 361.35pt x 216.81pt>
File: bmr5079/LocalTc.800.066.fig2.pdf Graphic file (type pdf)
<use bmr5079/LocalTc.800.066.fig2.pdf>
Package pdftex.def Info: bmr5079/LocalTc.800.066.fig2.pdf  used on input line 5
41.
(pdftex.def)             Requested size: 97.71951pt x 111.13734pt.
<bmr5079/LocalTc.800.066.fig3.pdf, id=2625, 361.35pt x 216.81pt>
File: bmr5079/LocalTc.800.066.fig3.pdf Graphic file (type pdf)
<use bmr5079/LocalTc.800.066.fig3.pdf>
Package pdftex.def Info: bmr5079/LocalTc.800.066.fig3.pdf  used on input line 5
42.
(pdftex.def)             Requested size: 97.71951pt x 111.13734pt.
<bmr5079/LocalTc.800.066.fig4.pdf, id=2626, 361.35pt x 216.81pt>
File: bmr5079/LocalTc.800.066.fig4.pdf Graphic file (type pdf)
<use bmr5079/LocalTc.800.066.fig4.pdf>
Package pdftex.def Info: bmr5079/LocalTc.800.066.fig4.pdf  used on input line 5
43.
(pdftex.def)             Requested size: 97.71951pt x 111.13734pt.
<bmr5079/LocalTc.500.0.fig0.pdf, id=2627, 361.35pt x 216.81pt>
File: bmr5079/LocalTc.500.0.fig0.pdf Graphic file (type pdf)
<use bmr5079/LocalTc.500.0.fig0.pdf>
Package pdftex.def Info: bmr5079/LocalTc.500.0.fig0.pdf  used on input line 544
.
(pdftex.def)             Requested size: 97.71951pt x 111.13734pt.
<bmr5079/LocalTc.500.0.fig1.pdf, id=2628, 361.35pt x 216.81pt>
File: bmr5079/LocalTc.500.0.fig1.pdf Graphic file (type pdf)
<use bmr5079/LocalTc.500.0.fig1.pdf>
Package pdftex.def Info: bmr5079/LocalTc.500.0.fig1.pdf  used on input line 545
.
(pdftex.def)             Requested size: 97.71951pt x 111.13734pt.
<bmr5079/LocalTc.500.0.fig2.pdf, id=2629, 361.35pt x 216.81pt>
File: bmr5079/LocalTc.500.0.fig2.pdf Graphic file (type pdf)
<use bmr5079/LocalTc.500.0.fig2.pdf>
Package pdftex.def Info: bmr5079/LocalTc.500.0.fig2.pdf  used on input line 546
.
(pdftex.def)             Requested size: 97.71951pt x 111.13734pt.
<bmr5079/LocalTc.500.0.fig3.pdf, id=2630, 361.35pt x 216.81pt>
File: bmr5079/LocalTc.500.0.fig3.pdf Graphic file (type pdf)
<use bmr5079/LocalTc.500.0.fig3.pdf>
Package pdftex.def Info: bmr5079/LocalTc.500.0.fig3.pdf  used on input line 547
.
(pdftex.def)             Requested size: 97.71951pt x 111.13734pt.
<bmr5079/LocalTc.500.0.fig4.pdf, id=2631, 361.35pt x 216.81pt>
File: bmr5079/LocalTc.500.0.fig4.pdf Graphic file (type pdf)
<use bmr5079/LocalTc.500.0.fig4.pdf>
Package pdftex.def Info: bmr5079/LocalTc.500.0.fig4.pdf  used on input line 548
.
(pdftex.def)             Requested size: 97.71951pt x 111.13734pt.

Overfull \hbox (13.78955pt too wide) in paragraph at lines 539--549
[] [] [] [] []
 []


Overfull \hbox (13.78955pt too wide) in paragraph at lines 539--549
[] [] [] [] [] 
 []



[9 <./bmr11080/LocalTc.600.0.fig0.pdf> <./bmr11080/LocalTc.600.0.fig1.pdf

pdfTeX warning: pdflatex (file ./bmr11080/LocalTc.600.0.fig1.pdf): PDF inclusio
n: multiple pdfs with page group included in a single page
> <./bmr11080/LocalTc.600.0.fig2.pdf

pdfTeX warning: pdflatex (file ./bmr11080/LocalTc.600.0.fig2.pdf): PDF inclusio
n: multiple pdfs with page group included in a single page
> <./bmr11080/LocalTc.600.0.fig3.pdf

pdfTeX warning: pdflatex (file ./bmr11080/LocalTc.600.0.fig3.pdf): PDF inclusio
n: multiple pdfs with page group included in a single page
> <./bmr11080/LocalTc.600.0.fig4.pdf

pdfTeX warning: pdflatex (file ./bmr11080/LocalTc.600.0.fig4.pdf): PDF inclusio
n: multiple pdfs with page group included in a single page
> <./bmr5079/LocalTc.800.066.fig0.pdf

pdfTeX warning: pdflatex (file ./bmr5079/LocalTc.800.066.fig0.pdf): PDF inclusi
on: multiple pdfs with page group included in a single page
> <./bmr5079/LocalTc.800.066.fig1.pdf

pdfTeX warning: pdflatex (file ./bmr5079/LocalTc.800.066.fig1.pdf): PDF inclusi
on: multiple pdfs with page group included in a single page
> <./bmr5079/LocalTc.800.066.fig2.pdf

pdfTeX warning: pdflatex (file ./bmr5079/LocalTc.800.066.fig2.pdf): PDF inclusi
on: multiple pdfs with page group included in a single page
> <./bmr5079/LocalTc.800.066.fig3.pdf

pdfTeX warning: pdflatex (file ./bmr5079/LocalTc.800.066.fig3.pdf): PDF inclusi
on: multiple pdfs with page group included in a single page
> <./bmr5079/LocalTc.800.066.fig4.pdf

pdfTeX warning: pdflatex (file ./bmr5079/LocalTc.800.066.fig4.pdf): PDF inclusi
on: multiple pdfs with page group included in a single page
> <./bmr5079/LocalTc.500.0.fig0.pdf

pdfTeX warning: pdflatex (file ./bmr5079/LocalTc.500.0.fig0.pdf): PDF inclusion
: multiple pdfs with page group included in a single page
> <./bmr5079/LocalTc.500.0.fig1.pdf

pdfTeX warning: pdflatex (file ./bmr5079/LocalTc.500.0.fig1.pdf): PDF inclusion
: multiple pdfs with page group included in a single page
> <./bmr5079/LocalTc.500.0.fig2.pdf

pdfTeX warning: pdflatex (file ./bmr5079/LocalTc.500.0.fig2.pdf): PDF inclusion
: multiple pdfs with page group included in a single page
> <./bmr5079/LocalTc.500.0.fig3.pdf

pdfTeX warning: pdflatex (file ./bmr5079/LocalTc.500.0.fig3.pdf): PDF inclusion
: multiple pdfs with page group included in a single page
> <./bmr5079/LocalTc.500.0.fig4.pdf

pdfTeX warning: pdflatex (file ./bmr5079/LocalTc.500.0.fig4.pdf): PDF inclusion
: multiple pdfs with page group included in a single page
>]
<bmr5080/LocalTc.600.0.fig0.pdf, id=3044, 361.35pt x 216.81pt>
File: bmr5080/LocalTc.600.0.fig0.pdf Graphic file (type pdf)
<use bmr5080/LocalTc.600.0.fig0.pdf>
Package pdftex.def Info: bmr5080/LocalTc.600.0.fig0.pdf  used on input line 572
.
(pdftex.def)             Requested size: 97.71951pt x 111.13734pt.
<bmr5080/LocalTc.600.0.fig1.pdf, id=3045, 361.35pt x 216.81pt>
File: bmr5080/LocalTc.600.0.fig1.pdf Graphic file (type pdf)
<use bmr5080/LocalTc.600.0.fig1.pdf>
Package pdftex.def Info: bmr5080/LocalTc.600.0.fig1.pdf  used on input line 573
.
(pdftex.def)             Requested size: 97.71951pt x 111.13734pt.
<bmr5080/LocalTc.600.0.fig2.pdf, id=3046, 361.35pt x 216.81pt>
File: bmr5080/LocalTc.600.0.fig2.pdf Graphic file (type pdf)
<use bmr5080/LocalTc.600.0.fig2.pdf>
Package pdftex.def Info: bmr5080/LocalTc.600.0.fig2.pdf  used on input line 574
.
(pdftex.def)             Requested size: 97.71951pt x 111.13734pt.
<bmr5080/LocalTc.600.0.fig3.pdf, id=3047, 361.35pt x 216.81pt>
File: bmr5080/LocalTc.600.0.fig3.pdf Graphic file (type pdf)
<use bmr5080/LocalTc.600.0.fig3.pdf>
Package pdftex.def Info: bmr5080/LocalTc.600.0.fig3.pdf  used on input line 575
.
(pdftex.def)             Requested size: 97.71951pt x 111.13734pt.
<bmr5080/LocalTc.600.0.fig4.pdf, id=3048, 361.35pt x 216.81pt>
File: bmr5080/LocalTc.600.0.fig4.pdf Graphic file (type pdf)
<use bmr5080/LocalTc.600.0.fig4.pdf>
Package pdftex.def Info: bmr5080/LocalTc.600.0.fig4.pdf  used on input line 576
.
(pdftex.def)             Requested size: 97.71951pt x 111.13734pt.
<bmr5080/LocalTc.500.0.fig0.pdf, id=3049, 361.35pt x 216.81pt>
File: bmr5080/LocalTc.500.0.fig0.pdf Graphic file (type pdf)
<use bmr5080/LocalTc.500.0.fig0.pdf>
Package pdftex.def Info: bmr5080/LocalTc.500.0.fig0.pdf  used on input line 577
.
(pdftex.def)             Requested size: 97.71951pt x 111.13734pt.
<bmr5080/LocalTc.500.0.fig1.pdf, id=3050, 361.35pt x 216.81pt>
File: bmr5080/LocalTc.500.0.fig1.pdf Graphic file (type pdf)
<use bmr5080/LocalTc.500.0.fig1.pdf>
Package pdftex.def Info: bmr5080/LocalTc.500.0.fig1.pdf  used on input line 578
.
(pdftex.def)             Requested size: 97.71951pt x 111.13734pt.
<bmr5080/LocalTc.500.0.fig2.pdf, id=3051, 361.35pt x 216.81pt>
File: bmr5080/LocalTc.500.0.fig2.pdf Graphic file (type pdf)
<use bmr5080/LocalTc.500.0.fig2.pdf>
Package pdftex.def Info: bmr5080/LocalTc.500.0.fig2.pdf  used on input line 579
.
(pdftex.def)             Requested size: 97.71951pt x 111.13734pt.
<bmr5080/LocalTc.500.0.fig3.pdf, id=3052, 361.35pt x 216.81pt>
File: bmr5080/LocalTc.500.0.fig3.pdf Graphic file (type pdf)
<use bmr5080/LocalTc.500.0.fig3.pdf>
Package pdftex.def Info: bmr5080/LocalTc.500.0.fig3.pdf  used on input line 580
.
(pdftex.def)             Requested size: 97.71951pt x 111.13734pt.
<bmr5080/LocalTc.500.0.fig4.pdf, id=3053, 361.35pt x 216.81pt>
File: bmr5080/LocalTc.500.0.fig4.pdf Graphic file (type pdf)
<use bmr5080/LocalTc.500.0.fig4.pdf>
Package pdftex.def Info: bmr5080/LocalTc.500.0.fig4.pdf  used on input line 581
.
(pdftex.def)             Requested size: 97.71951pt x 111.13734pt.

Overfull \hbox (13.78955pt too wide) in paragraph at lines 572--582
[] [] [] [] []
 []


Overfull \hbox (13.78955pt too wide) in paragraph at lines 572--582
[] [] [] [] [] 
 []

<bmr15437/LocalTc.600.12282197.fig0.pdf, id=3054, 361.35pt x 216.81pt>
File: bmr15437/LocalTc.600.12282197.fig0.pdf Graphic file (type pdf)
<use bmr15437/LocalTc.600.12282197.fig0.pdf>
Package pdftex.def Info: bmr15437/LocalTc.600.12282197.fig0.pdf  used on input 
line 605.
(pdftex.def)             Requested size: 97.71951pt x 111.13734pt.
<bmr15437/LocalTc.600.12282197.fig1.pdf, id=3055, 361.35pt x 216.81pt>
File: bmr15437/LocalTc.600.12282197.fig1.pdf Graphic file (type pdf)
<use bmr15437/LocalTc.600.12282197.fig1.pdf>
Package pdftex.def Info: bmr15437/LocalTc.600.12282197.fig1.pdf  used on input 
line 606.
(pdftex.def)             Requested size: 97.71951pt x 111.13734pt.
<bmr15437/LocalTc.600.12282197.fig2.pdf, id=3056, 361.35pt x 216.81pt>
File: bmr15437/LocalTc.600.12282197.fig2.pdf Graphic file (type pdf)
<use bmr15437/LocalTc.600.12282197.fig2.pdf>
Package pdftex.def Info: bmr15437/LocalTc.600.12282197.fig2.pdf  used on input 
line 607.
(pdftex.def)             Requested size: 97.71951pt x 111.13734pt.
<bmr15437/LocalTc.600.12282197.fig3.pdf, id=3057, 361.35pt x 216.81pt>
File: bmr15437/LocalTc.600.12282197.fig3.pdf Graphic file (type pdf)
<use bmr15437/LocalTc.600.12282197.fig3.pdf>
Package pdftex.def Info: bmr15437/LocalTc.600.12282197.fig3.pdf  used on input 
line 608.
(pdftex.def)             Requested size: 97.71951pt x 111.13734pt.
<bmr15437/LocalTc.600.12282197.fig4.pdf, id=3058, 361.35pt x 216.81pt>
File: bmr15437/LocalTc.600.12282197.fig4.pdf Graphic file (type pdf)
<use bmr15437/LocalTc.600.12282197.fig4.pdf>
Package pdftex.def Info: bmr15437/LocalTc.600.12282197.fig4.pdf  used on input 
line 609.
(pdftex.def)             Requested size: 97.71951pt x 111.13734pt.
<bmr15437/LocalTc.500.0.fig0.pdf, id=3059, 361.35pt x 216.81pt>
File: bmr15437/LocalTc.500.0.fig0.pdf Graphic file (type pdf)
<use bmr15437/LocalTc.500.0.fig0.pdf>
Package pdftex.def Info: bmr15437/LocalTc.500.0.fig0.pdf  used on input line 61
0.
(pdftex.def)             Requested size: 97.71951pt x 111.13734pt.
<bmr15437/LocalTc.500.0.fig1.pdf, id=3060, 361.35pt x 216.81pt>
File: bmr15437/LocalTc.500.0.fig1.pdf Graphic file (type pdf)
<use bmr15437/LocalTc.500.0.fig1.pdf>
Package pdftex.def Info: bmr15437/LocalTc.500.0.fig1.pdf  used on input line 61
1.
(pdftex.def)             Requested size: 97.71951pt x 111.13734pt.
<bmr15437/LocalTc.500.0.fig2.pdf, id=3061, 361.35pt x 216.81pt>
File: bmr15437/LocalTc.500.0.fig2.pdf Graphic file (type pdf)
<use bmr15437/LocalTc.500.0.fig2.pdf>
Package pdftex.def Info: bmr15437/LocalTc.500.0.fig2.pdf  used on input line 61
2.
(pdftex.def)             Requested size: 97.71951pt x 111.13734pt.
<bmr15437/LocalTc.500.0.fig3.pdf, id=3062, 361.35pt x 216.81pt>
File: bmr15437/LocalTc.500.0.fig3.pdf Graphic file (type pdf)
<use bmr15437/LocalTc.500.0.fig3.pdf>
Package pdftex.def Info: bmr15437/LocalTc.500.0.fig3.pdf  used on input line 61
3.
(pdftex.def)             Requested size: 97.71951pt x 111.13734pt.
<bmr15437/LocalTc.500.0.fig4.pdf, id=3063, 361.35pt x 216.81pt>
File: bmr15437/LocalTc.500.0.fig4.pdf Graphic file (type pdf)
<use bmr15437/LocalTc.500.0.fig4.pdf>
Package pdftex.def Info: bmr15437/LocalTc.500.0.fig4.pdf  used on input line 61
4.
(pdftex.def)             Requested size: 97.71951pt x 111.13734pt.

Overfull \hbox (13.78955pt too wide) in paragraph at lines 605--615
[] [] [] [] []
 []


Overfull \hbox (13.78955pt too wide) in paragraph at lines 605--615
[] [] [] [] [] 
 []



[10 <./bmr5080/LocalTc.600.0.fig0.pdf> <./bmr5080/LocalTc.600.0.fig1.pdf

pdfTeX warning: pdflatex (file ./bmr5080/LocalTc.600.0.fig1.pdf): PDF inclusion
: multiple pdfs with page group included in a single page
> <./bmr5080/LocalTc.600.0.fig2.pdf

pdfTeX warning: pdflatex (file ./bmr5080/LocalTc.600.0.fig2.pdf): PDF inclusion
: multiple pdfs with page group included in a single page
> <./bmr5080/LocalTc.600.0.fig3.pdf

pdfTeX warning: pdflatex (file ./bmr5080/LocalTc.600.0.fig3.pdf): PDF inclusion
: multiple pdfs with page group included in a single page
> <./bmr5080/LocalTc.600.0.fig4.pdf

pdfTeX warning: pdflatex (file ./bmr5080/LocalTc.600.0.fig4.pdf): PDF inclusion
: multiple pdfs with page group included in a single page
> <./bmr5080/LocalTc.500.0.fig0.pdf

pdfTeX warning: pdflatex (file ./bmr5080/LocalTc.500.0.fig0.pdf): PDF inclusion
: multiple pdfs with page group included in a single page
> <./bmr5080/LocalTc.500.0.fig1.pdf

pdfTeX warning: pdflatex (file ./bmr5080/LocalTc.500.0.fig1.pdf): PDF inclusion
: multiple pdfs with page group included in a single page
> <./bmr5080/LocalTc.500.0.fig2.pdf

pdfTeX warning: pdflatex (file ./bmr5080/LocalTc.500.0.fig2.pdf): PDF inclusion
: multiple pdfs with page group included in a single page
> <./bmr5080/LocalTc.500.0.fig3.pdf

pdfTeX warning: pdflatex (file ./bmr5080/LocalTc.500.0.fig3.pdf): PDF inclusion
: multiple pdfs with page group included in a single page
> <./bmr5080/LocalTc.500.0.fig4.pdf

pdfTeX warning: pdflatex (file ./bmr5080/LocalTc.500.0.fig4.pdf): PDF inclusion
: multiple pdfs with page group included in a single page
> <./bmr15437/LocalTc.600.12282197.fig0.pdf

pdfTeX warning: pdflatex (file ./bmr15437/LocalTc.600.12282197.fig0.pdf): PDF i
nclusion: multiple pdfs with page group included in a single page
> <./bmr15437/LocalTc.600.12282197.fig1.pdf

pdfTeX warning: pdflatex (file ./bmr15437/LocalTc.600.12282197.fig1.pdf): PDF i
nclusion: multiple pdfs with page group included in a single page
> <./bmr15437/LocalTc.600.12282197.fig2.pdf

pdfTeX warning: pdflatex (file ./bmr15437/LocalTc.600.12282197.fig2.pdf): PDF i
nclusion: multiple pdfs with page group included in a single page
> <./bmr15437/LocalTc.600.12282197.fig3.pdf

pdfTeX warning: pdflatex (file ./bmr15437/LocalTc.600.12282197.fig3.pdf): PDF i
nclusion: multiple pdfs with page group included in a single page
> <./bmr15437/LocalTc.600.12282197.fig4.pdf

pdfTeX warning: pdflatex (file ./bmr15437/LocalTc.600.12282197.fig4.pdf): PDF i
nclusion: multiple pdfs with page group included in a single page
>]
<bmr5687/LocalTc.600.0.fig0.pdf, id=3476, 361.35pt x 216.81pt>
File: bmr5687/LocalTc.600.0.fig0.pdf Graphic file (type pdf)
<use bmr5687/LocalTc.600.0.fig0.pdf>
Package pdftex.def Info: bmr5687/LocalTc.600.0.fig0.pdf  used on input line 638
.
(pdftex.def)             Requested size: 97.71951pt x 111.13734pt.
<bmr5687/LocalTc.600.0.fig1.pdf, id=3477, 361.35pt x 216.81pt>
File: bmr5687/LocalTc.600.0.fig1.pdf Graphic file (type pdf)
<use bmr5687/LocalTc.600.0.fig1.pdf>
Package pdftex.def Info: bmr5687/LocalTc.600.0.fig1.pdf  used on input line 639
.
(pdftex.def)             Requested size: 97.71951pt x 111.13734pt.
<bmr5687/LocalTc.600.0.fig2.pdf, id=3478, 361.35pt x 216.81pt>
File: bmr5687/LocalTc.600.0.fig2.pdf Graphic file (type pdf)
<use bmr5687/LocalTc.600.0.fig2.pdf>
Package pdftex.def Info: bmr5687/LocalTc.600.0.fig2.pdf  used on input line 640
.
(pdftex.def)             Requested size: 97.71951pt x 111.13734pt.
<bmr5687/LocalTc.600.0.fig3.pdf, id=3479, 361.35pt x 216.81pt>
File: bmr5687/LocalTc.600.0.fig3.pdf Graphic file (type pdf)
<use bmr5687/LocalTc.600.0.fig3.pdf>
Package pdftex.def Info: bmr5687/LocalTc.600.0.fig3.pdf  used on input line 641
.
(pdftex.def)             Requested size: 97.71951pt x 111.13734pt.
<bmr5687/LocalTc.600.0.fig4.pdf, id=3480, 361.35pt x 216.81pt>
File: bmr5687/LocalTc.600.0.fig4.pdf Graphic file (type pdf)
<use bmr5687/LocalTc.600.0.fig4.pdf>
Package pdftex.def Info: bmr5687/LocalTc.600.0.fig4.pdf  used on input line 642
.
(pdftex.def)             Requested size: 97.71951pt x 111.13734pt.
<bmr5687/LocalTc.500.0.fig0.pdf, id=3481, 361.35pt x 216.81pt>
File: bmr5687/LocalTc.500.0.fig0.pdf Graphic file (type pdf)
<use bmr5687/LocalTc.500.0.fig0.pdf>
Package pdftex.def Info: bmr5687/LocalTc.500.0.fig0.pdf  used on input line 643
.
(pdftex.def)             Requested size: 97.71951pt x 111.13734pt.
<bmr5687/LocalTc.500.0.fig1.pdf, id=3482, 361.35pt x 216.81pt>
File: bmr5687/LocalTc.500.0.fig1.pdf Graphic file (type pdf)
<use bmr5687/LocalTc.500.0.fig1.pdf>
Package pdftex.def Info: bmr5687/LocalTc.500.0.fig1.pdf  used on input line 644
.
(pdftex.def)             Requested size: 97.71951pt x 111.13734pt.
<bmr5687/LocalTc.500.0.fig2.pdf, id=3483, 361.35pt x 216.81pt>
File: bmr5687/LocalTc.500.0.fig2.pdf Graphic file (type pdf)
<use bmr5687/LocalTc.500.0.fig2.pdf>
Package pdftex.def Info: bmr5687/LocalTc.500.0.fig2.pdf  used on input line 645
.
(pdftex.def)             Requested size: 97.71951pt x 111.13734pt.
<bmr5687/LocalTc.500.0.fig3.pdf, id=3484, 361.35pt x 216.81pt>
File: bmr5687/LocalTc.500.0.fig3.pdf Graphic file (type pdf)
<use bmr5687/LocalTc.500.0.fig3.pdf>
Package pdftex.def Info: bmr5687/LocalTc.500.0.fig3.pdf  used on input line 646
.
(pdftex.def)             Requested size: 97.71951pt x 111.13734pt.
<bmr5687/LocalTc.500.0.fig4.pdf, id=3485, 361.35pt x 216.81pt>
File: bmr5687/LocalTc.500.0.fig4.pdf Graphic file (type pdf)
<use bmr5687/LocalTc.500.0.fig4.pdf>
Package pdftex.def Info: bmr5687/LocalTc.500.0.fig4.pdf  used on input line 647
.
(pdftex.def)             Requested size: 97.71951pt x 111.13734pt.

Overfull \hbox (13.78955pt too wide) in paragraph at lines 638--648
[] [] [] [] []
 []


Overfull \hbox (13.78955pt too wide) in paragraph at lines 638--648
[] [] [] [] [] 
 []

<bmr18758/LocalTc.600.0.fig0.pdf, id=3486, 361.35pt x 216.81pt>
File: bmr18758/LocalTc.600.0.fig0.pdf Graphic file (type pdf)
<use bmr18758/LocalTc.600.0.fig0.pdf>
Package pdftex.def Info: bmr18758/LocalTc.600.0.fig0.pdf  used on input line 67
1.
(pdftex.def)             Requested size: 97.71951pt x 111.13734pt.
<bmr18758/LocalTc.600.0.fig1.pdf, id=3487, 361.35pt x 216.81pt>
File: bmr18758/LocalTc.600.0.fig1.pdf Graphic file (type pdf)
<use bmr18758/LocalTc.600.0.fig1.pdf>
Package pdftex.def Info: bmr18758/LocalTc.600.0.fig1.pdf  used on input line 67
2.
(pdftex.def)             Requested size: 97.71951pt x 111.13734pt.
<bmr18758/LocalTc.600.0.fig2.pdf, id=3488, 361.35pt x 216.81pt>
File: bmr18758/LocalTc.600.0.fig2.pdf Graphic file (type pdf)
<use bmr18758/LocalTc.600.0.fig2.pdf>
Package pdftex.def Info: bmr18758/LocalTc.600.0.fig2.pdf  used on input line 67
3.
(pdftex.def)             Requested size: 97.71951pt x 111.13734pt.
<bmr18758/LocalTc.600.0.fig3.pdf, id=3489, 361.35pt x 216.81pt>
File: bmr18758/LocalTc.600.0.fig3.pdf Graphic file (type pdf)
<use bmr18758/LocalTc.600.0.fig3.pdf>
Package pdftex.def Info: bmr18758/LocalTc.600.0.fig3.pdf  used on input line 67
4.
(pdftex.def)             Requested size: 97.71951pt x 111.13734pt.
<bmr18758/LocalTc.600.0.fig4.pdf, id=3490, 361.35pt x 216.81pt>
File: bmr18758/LocalTc.600.0.fig4.pdf Graphic file (type pdf)
<use bmr18758/LocalTc.600.0.fig4.pdf>
Package pdftex.def Info: bmr18758/LocalTc.600.0.fig4.pdf  used on input line 67
5.
(pdftex.def)             Requested size: 97.71951pt x 111.13734pt.

Overfull \hbox (13.78955pt too wide) in paragraph at lines 671--676
[] [] [] [] [] 
 []



[11 <./bmr15437/LocalTc.500.0.fig0.pdf> <./bmr15437/LocalTc.500.0.fig1.pdf

pdfTeX warning: pdflatex (file ./bmr15437/LocalTc.500.0.fig1.pdf): PDF inclusio
n: multiple pdfs with page group included in a single page
> <./bmr15437/LocalTc.500.0.fig2.pdf

pdfTeX warning: pdflatex (file ./bmr15437/LocalTc.500.0.fig2.pdf): PDF inclusio
n: multiple pdfs with page group included in a single page
> <./bmr15437/LocalTc.500.0.fig3.pdf

pdfTeX warning: pdflatex (file ./bmr15437/LocalTc.500.0.fig3.pdf): PDF inclusio
n: multiple pdfs with page group included in a single page
> <./bmr15437/LocalTc.500.0.fig4.pdf

pdfTeX warning: pdflatex (file ./bmr15437/LocalTc.500.0.fig4.pdf): PDF inclusio
n: multiple pdfs with page group included in a single page
> <./bmr5687/LocalTc.600.0.fig0.pdf

pdfTeX warning: pdflatex (file ./bmr5687/LocalTc.600.0.fig0.pdf): PDF inclusion
: multiple pdfs with page group included in a single page
> <./bmr5687/LocalTc.600.0.fig1.pdf

pdfTeX warning: pdflatex (file ./bmr5687/LocalTc.600.0.fig1.pdf): PDF inclusion
: multiple pdfs with page group included in a single page
> <./bmr5687/LocalTc.600.0.fig2.pdf

pdfTeX warning: pdflatex (file ./bmr5687/LocalTc.600.0.fig2.pdf): PDF inclusion
: multiple pdfs with page group included in a single page
> <./bmr5687/LocalTc.600.0.fig3.pdf

pdfTeX warning: pdflatex (file ./bmr5687/LocalTc.600.0.fig3.pdf): PDF inclusion
: multiple pdfs with page group included in a single page
> <./bmr5687/LocalTc.600.0.fig4.pdf

pdfTeX warning: pdflatex (file ./bmr5687/LocalTc.600.0.fig4.pdf): PDF inclusion
: multiple pdfs with page group included in a single page
> <./bmr5687/LocalTc.500.0.fig0.pdf

pdfTeX warning: pdflatex (file ./bmr5687/LocalTc.500.0.fig0.pdf): PDF inclusion
: multiple pdfs with page group included in a single page
> <./bmr5687/LocalTc.500.0.fig1.pdf

pdfTeX warning: pdflatex (file ./bmr5687/LocalTc.500.0.fig1.pdf): PDF inclusion
: multiple pdfs with page group included in a single page
> <./bmr5687/LocalTc.500.0.fig2.pdf

pdfTeX warning: pdflatex (file ./bmr5687/LocalTc.500.0.fig2.pdf): PDF inclusion
: multiple pdfs with page group included in a single page
> <./bmr5687/LocalTc.500.0.fig3.pdf

pdfTeX warning: pdflatex (file ./bmr5687/LocalTc.500.0.fig3.pdf): PDF inclusion
: multiple pdfs with page group included in a single page
> <./bmr5687/LocalTc.500.0.fig4.pdf

pdfTeX warning: pdflatex (file ./bmr5687/LocalTc.500.0.fig4.pdf): PDF inclusion
: multiple pdfs with page group included in a single page
>]
<bmr17010/LocalTc.600.0.fig0.pdf, id=3903, 361.35pt x 216.81pt>
File: bmr17010/LocalTc.600.0.fig0.pdf Graphic file (type pdf)
<use bmr17010/LocalTc.600.0.fig0.pdf>
Package pdftex.def Info: bmr17010/LocalTc.600.0.fig0.pdf  used on input line 69
9.
(pdftex.def)             Requested size: 97.71951pt x 111.13734pt.
<bmr17010/LocalTc.600.0.fig1.pdf, id=3904, 361.35pt x 216.81pt>
File: bmr17010/LocalTc.600.0.fig1.pdf Graphic file (type pdf)
<use bmr17010/LocalTc.600.0.fig1.pdf>
Package pdftex.def Info: bmr17010/LocalTc.600.0.fig1.pdf  used on input line 70
0.
(pdftex.def)             Requested size: 97.71951pt x 111.13734pt.
<bmr17010/LocalTc.600.0.fig2.pdf, id=3905, 361.35pt x 216.81pt>
File: bmr17010/LocalTc.600.0.fig2.pdf Graphic file (type pdf)
<use bmr17010/LocalTc.600.0.fig2.pdf>
Package pdftex.def Info: bmr17010/LocalTc.600.0.fig2.pdf  used on input line 70
1.
(pdftex.def)             Requested size: 97.71951pt x 111.13734pt.
<bmr17010/LocalTc.600.0.fig3.pdf, id=3906, 361.35pt x 216.81pt>
File: bmr17010/LocalTc.600.0.fig3.pdf Graphic file (type pdf)
<use bmr17010/LocalTc.600.0.fig3.pdf>
Package pdftex.def Info: bmr17010/LocalTc.600.0.fig3.pdf  used on input line 70
2.
(pdftex.def)             Requested size: 97.71951pt x 111.13734pt.
<bmr17010/LocalTc.600.0.fig4.pdf, id=3907, 361.35pt x 216.81pt>
File: bmr17010/LocalTc.600.0.fig4.pdf Graphic file (type pdf)
<use bmr17010/LocalTc.600.0.fig4.pdf>
Package pdftex.def Info: bmr17010/LocalTc.600.0.fig4.pdf  used on input line 70
3.
(pdftex.def)             Requested size: 97.71951pt x 111.13734pt.

Overfull \hbox (13.78955pt too wide) in paragraph at lines 699--704
[] [] [] [] [] 
 []

<bmr17013/LocalTc.500.fig0.pdf, id=3908, 361.35pt x 216.81pt>
File: bmr17013/LocalTc.500.fig0.pdf Graphic file (type pdf)
<use bmr17013/LocalTc.500.fig0.pdf>
Package pdftex.def Info: bmr17013/LocalTc.500.fig0.pdf  used on input line 727.

(pdftex.def)             Requested size: 97.71951pt x 111.13734pt.
<bmr17013/LocalTc.500.fig1.pdf, id=3909, 361.35pt x 216.81pt>
File: bmr17013/LocalTc.500.fig1.pdf Graphic file (type pdf)
<use bmr17013/LocalTc.500.fig1.pdf>
Package pdftex.def Info: bmr17013/LocalTc.500.fig1.pdf  used on input line 728.

(pdftex.def)             Requested size: 97.71951pt x 111.13734pt.
<bmr17013/LocalTc.500.fig2.pdf, id=3910, 361.35pt x 216.81pt>
File: bmr17013/LocalTc.500.fig2.pdf Graphic file (type pdf)
<use bmr17013/LocalTc.500.fig2.pdf>
Package pdftex.def Info: bmr17013/LocalTc.500.fig2.pdf  used on input line 729.

(pdftex.def)             Requested size: 97.71951pt x 111.13734pt.
<bmr17013/LocalTc.500.fig3.pdf, id=3911, 361.35pt x 216.81pt>
File: bmr17013/LocalTc.500.fig3.pdf Graphic file (type pdf)
<use bmr17013/LocalTc.500.fig3.pdf>
Package pdftex.def Info: bmr17013/LocalTc.500.fig3.pdf  used on input line 730.

(pdftex.def)             Requested size: 97.71951pt x 111.13734pt.
<bmr17013/LocalTc.500.fig4.pdf, id=3912, 361.35pt x 216.81pt>
File: bmr17013/LocalTc.500.fig4.pdf Graphic file (type pdf)
<use bmr17013/LocalTc.500.fig4.pdf>
Package pdftex.def Info: bmr17013/LocalTc.500.fig4.pdf  used on input line 731.

(pdftex.def)             Requested size: 97.71951pt x 111.13734pt.

Overfull \hbox (13.78955pt too wide) in paragraph at lines 727--732
[] [] [] [] [] 
 []



[12 <./bmr18758/LocalTc.600.0.fig0.pdf> <./bmr18758/LocalTc.600.0.fig1.pdf

pdfTeX warning: pdflatex (file ./bmr18758/LocalTc.600.0.fig1.pdf): PDF inclusio
n: multiple pdfs with page group included in a single page
> <./bmr18758/LocalTc.600.0.fig2.pdf

pdfTeX warning: pdflatex (file ./bmr18758/LocalTc.600.0.fig2.pdf): PDF inclusio
n: multiple pdfs with page group included in a single page
> <./bmr18758/LocalTc.600.0.fig3.pdf

pdfTeX warning: pdflatex (file ./bmr18758/LocalTc.600.0.fig3.pdf): PDF inclusio
n: multiple pdfs with page group included in a single page
> <./bmr18758/LocalTc.600.0.fig4.pdf

pdfTeX warning: pdflatex (file ./bmr18758/LocalTc.600.0.fig4.pdf): PDF inclusio
n: multiple pdfs with page group included in a single page
> <./bmr17010/LocalTc.600.0.fig0.pdf

pdfTeX warning: pdflatex (file ./bmr17010/LocalTc.600.0.fig0.pdf): PDF inclusio
n: multiple pdfs with page group included in a single page
> <./bmr17010/LocalTc.600.0.fig1.pdf

pdfTeX warning: pdflatex (file ./bmr17010/LocalTc.600.0.fig1.pdf): PDF inclusio
n: multiple pdfs with page group included in a single page
> <./bmr17010/LocalTc.600.0.fig2.pdf

pdfTeX warning: pdflatex (file ./bmr17010/LocalTc.600.0.fig2.pdf): PDF inclusio
n: multiple pdfs with page group included in a single page
> <./bmr17010/LocalTc.600.0.fig3.pdf

pdfTeX warning: pdflatex (file ./bmr17010/LocalTc.600.0.fig3.pdf): PDF inclusio
n: multiple pdfs with page group included in a single page
> <./bmr17010/LocalTc.600.0.fig4.pdf

pdfTeX warning: pdflatex (file ./bmr17010/LocalTc.600.0.fig4.pdf): PDF inclusio
n: multiple pdfs with page group included in a single page
> <./bmr17013/LocalTc.500.fig0.pdf

pdfTeX warning: pdflatex (file ./bmr17013/LocalTc.500.fig0.pdf): PDF inclusion:
 multiple pdfs with page group included in a single page
> <./bmr17013/LocalTc.500.fig1.pdf

pdfTeX warning: pdflatex (file ./bmr17013/LocalTc.500.fig1.pdf): PDF inclusion:
 multiple pdfs with page group included in a single page
> <./bmr17013/LocalTc.500.fig2.pdf

pdfTeX warning: pdflatex (file ./bmr17013/LocalTc.500.fig2.pdf): PDF inclusion:
 multiple pdfs with page group included in a single page
> <./bmr17013/LocalTc.500.fig3.pdf

pdfTeX warning: pdflatex (file ./bmr17013/LocalTc.500.fig3.pdf): PDF inclusion:
 multiple pdfs with page group included in a single page
> <./bmr17013/LocalTc.500.fig4.pdf

pdfTeX warning: pdflatex (file ./bmr17013/LocalTc.500.fig4.pdf): PDF inclusion:
 multiple pdfs with page group included in a single page
>]
<bmr17012/LocalTc.600.0.fig0.pdf, id=4325, 361.35pt x 216.81pt>
File: bmr17012/LocalTc.600.0.fig0.pdf Graphic file (type pdf)
<use bmr17012/LocalTc.600.0.fig0.pdf>
Package pdftex.def Info: bmr17012/LocalTc.600.0.fig0.pdf  used on input line 75
5.
(pdftex.def)             Requested size: 97.71951pt x 111.13734pt.
<bmr17012/LocalTc.600.0.fig1.pdf, id=4326, 361.35pt x 216.81pt>
File: bmr17012/LocalTc.600.0.fig1.pdf Graphic file (type pdf)
<use bmr17012/LocalTc.600.0.fig1.pdf>
Package pdftex.def Info: bmr17012/LocalTc.600.0.fig1.pdf  used on input line 75
6.
(pdftex.def)             Requested size: 97.71951pt x 111.13734pt.
<bmr17012/LocalTc.600.0.fig2.pdf, id=4327, 361.35pt x 216.81pt>
File: bmr17012/LocalTc.600.0.fig2.pdf Graphic file (type pdf)
<use bmr17012/LocalTc.600.0.fig2.pdf>
Package pdftex.def Info: bmr17012/LocalTc.600.0.fig2.pdf  used on input line 75
7.
(pdftex.def)             Requested size: 97.71951pt x 111.13734pt.
<bmr17012/LocalTc.600.0.fig3.pdf, id=4328, 361.35pt x 216.81pt>
File: bmr17012/LocalTc.600.0.fig3.pdf Graphic file (type pdf)
<use bmr17012/LocalTc.600.0.fig3.pdf>
Package pdftex.def Info: bmr17012/LocalTc.600.0.fig3.pdf  used on input line 75
8.
(pdftex.def)             Requested size: 97.71951pt x 111.13734pt.
<bmr17012/LocalTc.600.0.fig4.pdf, id=4329, 361.35pt x 216.81pt>
File: bmr17012/LocalTc.600.0.fig4.pdf Graphic file (type pdf)
<use bmr17012/LocalTc.600.0.fig4.pdf>
Package pdftex.def Info: bmr17012/LocalTc.600.0.fig4.pdf  used on input line 75
9.
(pdftex.def)             Requested size: 97.71951pt x 111.13734pt.

Overfull \hbox (13.78955pt too wide) in paragraph at lines 755--760
[] [] [] [] [] 
 []

<bmr17041/LocalTc.600.0.fig0.pdf, id=4330, 361.35pt x 216.81pt>
File: bmr17041/LocalTc.600.0.fig0.pdf Graphic file (type pdf)
<use bmr17041/LocalTc.600.0.fig0.pdf>
Package pdftex.def Info: bmr17041/LocalTc.600.0.fig0.pdf  used on input line 78
3.
(pdftex.def)             Requested size: 97.71951pt x 111.13734pt.
<bmr17041/LocalTc.600.0.fig1.pdf, id=4331, 361.35pt x 216.81pt>
File: bmr17041/LocalTc.600.0.fig1.pdf Graphic file (type pdf)
<use bmr17041/LocalTc.600.0.fig1.pdf>
Package pdftex.def Info: bmr17041/LocalTc.600.0.fig1.pdf  used on input line 78
4.
(pdftex.def)             Requested size: 97.71951pt x 111.13734pt.
<bmr17041/LocalTc.600.0.fig2.pdf, id=4332, 361.35pt x 216.81pt>
File: bmr17041/LocalTc.600.0.fig2.pdf Graphic file (type pdf)
<use bmr17041/LocalTc.600.0.fig2.pdf>
Package pdftex.def Info: bmr17041/LocalTc.600.0.fig2.pdf  used on input line 78
5.
(pdftex.def)             Requested size: 97.71951pt x 111.13734pt.
<bmr17041/LocalTc.600.0.fig3.pdf, id=4333, 361.35pt x 216.81pt>
File: bmr17041/LocalTc.600.0.fig3.pdf Graphic file (type pdf)
<use bmr17041/LocalTc.600.0.fig3.pdf>
Package pdftex.def Info: bmr17041/LocalTc.600.0.fig3.pdf  used on input line 78
6.
(pdftex.def)             Requested size: 97.71951pt x 111.13734pt.
<bmr17041/LocalTc.600.0.fig4.pdf, id=4334, 361.35pt x 216.81pt>
File: bmr17041/LocalTc.600.0.fig4.pdf Graphic file (type pdf)
<use bmr17041/LocalTc.600.0.fig4.pdf>
Package pdftex.def Info: bmr17041/LocalTc.600.0.fig4.pdf  used on input line 78
7.
(pdftex.def)             Requested size: 97.71951pt x 111.13734pt.

Overfull \hbox (13.78955pt too wide) in paragraph at lines 783--788
[] [] [] [] [] 
 []



[13 <./bmr17012/LocalTc.600.0.fig0.pdf> <./bmr17012/LocalTc.600.0.fig1.pdf

pdfTeX warning: pdflatex (file ./bmr17012/LocalTc.600.0.fig1.pdf): PDF inclusio
n: multiple pdfs with page group included in a single page
> <./bmr17012/LocalTc.600.0.fig2.pdf

pdfTeX warning: pdflatex (file ./bmr17012/LocalTc.600.0.fig2.pdf): PDF inclusio
n: multiple pdfs with page group included in a single page
> <./bmr17012/LocalTc.600.0.fig3.pdf

pdfTeX warning: pdflatex (file ./bmr17012/LocalTc.600.0.fig3.pdf): PDF inclusio
n: multiple pdfs with page group included in a single page
> <./bmr17012/LocalTc.600.0.fig4.pdf

pdfTeX warning: pdflatex (file ./bmr17012/LocalTc.600.0.fig4.pdf): PDF inclusio
n: multiple pdfs with page group included in a single page
> <./bmr17041/LocalTc.600.0.fig0.pdf

pdfTeX warning: pdflatex (file ./bmr17041/LocalTc.600.0.fig0.pdf): PDF inclusio
n: multiple pdfs with page group included in a single page
> <./bmr17041/LocalTc.600.0.fig1.pdf

pdfTeX warning: pdflatex (file ./bmr17041/LocalTc.600.0.fig1.pdf): PDF inclusio
n: multiple pdfs with page group included in a single page
> <./bmr17041/LocalTc.600.0.fig2.pdf

pdfTeX warning: pdflatex (file ./bmr17041/LocalTc.600.0.fig2.pdf): PDF inclusio
n: multiple pdfs with page group included in a single page
> <./bmr17041/LocalTc.600.0.fig3.pdf

pdfTeX warning: pdflatex (file ./bmr17041/LocalTc.600.0.fig3.pdf): PDF inclusio
n: multiple pdfs with page group included in a single page
> <./bmr17041/LocalTc.600.0.fig4.pdf

pdfTeX warning: pdflatex (file ./bmr17041/LocalTc.600.0.fig4.pdf): PDF inclusio
n: multiple pdfs with page group included in a single page
>]
<bmr17047/LocalTc.500.0.fig0.pdf, id=4611, 361.35pt x 216.81pt>
File: bmr17047/LocalTc.500.0.fig0.pdf Graphic file (type pdf)
<use bmr17047/LocalTc.500.0.fig0.pdf>
Package pdftex.def Info: bmr17047/LocalTc.500.0.fig0.pdf  used on input line 81
1.
(pdftex.def)             Requested size: 97.71951pt x 111.13734pt.
<bmr17047/LocalTc.500.0.fig1.pdf, id=4612, 361.35pt x 216.81pt>
File: bmr17047/LocalTc.500.0.fig1.pdf Graphic file (type pdf)
<use bmr17047/LocalTc.500.0.fig1.pdf>
Package pdftex.def Info: bmr17047/LocalTc.500.0.fig1.pdf  used on input line 81
2.
(pdftex.def)             Requested size: 97.71951pt x 111.13734pt.
<bmr17047/LocalTc.500.0.fig2.pdf, id=4613, 361.35pt x 216.81pt>
File: bmr17047/LocalTc.500.0.fig2.pdf Graphic file (type pdf)
<use bmr17047/LocalTc.500.0.fig2.pdf>
Package pdftex.def Info: bmr17047/LocalTc.500.0.fig2.pdf  used on input line 81
3.
(pdftex.def)             Requested size: 97.71951pt x 111.13734pt.
<bmr17047/LocalTc.500.0.fig3.pdf, id=4614, 361.35pt x 216.81pt>
File: bmr17047/LocalTc.500.0.fig3.pdf Graphic file (type pdf)
<use bmr17047/LocalTc.500.0.fig3.pdf>
Package pdftex.def Info: bmr17047/LocalTc.500.0.fig3.pdf  used on input line 81
4.
(pdftex.def)             Requested size: 97.71951pt x 111.13734pt.
<bmr17047/LocalTc.500.0.fig4.pdf, id=4615, 361.35pt x 216.81pt>
File: bmr17047/LocalTc.500.0.fig4.pdf Graphic file (type pdf)
<use bmr17047/LocalTc.500.0.fig4.pdf>
Package pdftex.def Info: bmr17047/LocalTc.500.0.fig4.pdf  used on input line 81
5.
(pdftex.def)             Requested size: 97.71951pt x 111.13734pt.

Overfull \hbox (13.78955pt too wide) in paragraph at lines 811--816
[] [] [] [] [] 
 []

<bmr17046/LocalTc.600.0.fig0.pdf, id=4616, 361.35pt x 216.81pt>
File: bmr17046/LocalTc.600.0.fig0.pdf Graphic file (type pdf)
<use bmr17046/LocalTc.600.0.fig0.pdf>
Package pdftex.def Info: bmr17046/LocalTc.600.0.fig0.pdf  used on input line 83
9.
(pdftex.def)             Requested size: 97.71951pt x 111.13734pt.
<bmr17046/LocalTc.600.0.fig1.pdf, id=4617, 361.35pt x 216.81pt>
File: bmr17046/LocalTc.600.0.fig1.pdf Graphic file (type pdf)
<use bmr17046/LocalTc.600.0.fig1.pdf>
Package pdftex.def Info: bmr17046/LocalTc.600.0.fig1.pdf  used on input line 84
0.
(pdftex.def)             Requested size: 97.71951pt x 111.13734pt.
<bmr17046/LocalTc.600.0.fig2.pdf, id=4618, 361.35pt x 216.81pt>
File: bmr17046/LocalTc.600.0.fig2.pdf Graphic file (type pdf)
<use bmr17046/LocalTc.600.0.fig2.pdf>
Package pdftex.def Info: bmr17046/LocalTc.600.0.fig2.pdf  used on input line 84
1.
(pdftex.def)             Requested size: 97.71951pt x 111.13734pt.
<bmr17046/LocalTc.600.0.fig3.pdf, id=4619, 361.35pt x 216.81pt>
File: bmr17046/LocalTc.600.0.fig3.pdf Graphic file (type pdf)
<use bmr17046/LocalTc.600.0.fig3.pdf>
Package pdftex.def Info: bmr17046/LocalTc.600.0.fig3.pdf  used on input line 84
2.
(pdftex.def)             Requested size: 97.71951pt x 111.13734pt.
<bmr17046/LocalTc.600.0.fig4.pdf, id=4620, 361.35pt x 216.81pt>
File: bmr17046/LocalTc.600.0.fig4.pdf Graphic file (type pdf)
<use bmr17046/LocalTc.600.0.fig4.pdf>
Package pdftex.def Info: bmr17046/LocalTc.600.0.fig4.pdf  used on input line 84
3.
(pdftex.def)             Requested size: 97.71951pt x 111.13734pt.

Overfull \hbox (13.78955pt too wide) in paragraph at lines 839--844
[] [] [] [] [] 
 []

<bmr26506/LocalTc.950.0.fig0.pdf, id=4621, 361.35pt x 216.81pt>
File: bmr26506/LocalTc.950.0.fig0.pdf Graphic file (type pdf)
<use bmr26506/LocalTc.950.0.fig0.pdf>
Package pdftex.def Info: bmr26506/LocalTc.950.0.fig0.pdf  used on input line 86
7.
(pdftex.def)             Requested size: 97.71951pt x 111.13734pt.
<bmr26506/LocalTc.950.0.fig1.pdf, id=4622, 361.35pt x 216.81pt>
File: bmr26506/LocalTc.950.0.fig1.pdf Graphic file (type pdf)
<use bmr26506/LocalTc.950.0.fig1.pdf>
Package pdftex.def Info: bmr26506/LocalTc.950.0.fig1.pdf  used on input line 86
8.
(pdftex.def)             Requested size: 97.71951pt x 111.13734pt.
<bmr26506/LocalTc.950.0.fig2.pdf, id=4623, 361.35pt x 216.81pt>
File: bmr26506/LocalTc.950.0.fig2.pdf Graphic file (type pdf)
<use bmr26506/LocalTc.950.0.fig2.pdf>
Package pdftex.def Info: bmr26506/LocalTc.950.0.fig2.pdf  used on input line 86
9.
(pdftex.def)             Requested size: 97.71951pt x 111.13734pt.
<bmr26506/LocalTc.950.0.fig3.pdf, id=4624, 361.35pt x 216.81pt>
File: bmr26506/LocalTc.950.0.fig3.pdf Graphic file (type pdf)
<use bmr26506/LocalTc.950.0.fig3.pdf>
Package pdftex.def Info: bmr26506/LocalTc.950.0.fig3.pdf  used on input line 87
0.
(pdftex.def)             Requested size: 97.71951pt x 111.13734pt.
<bmr26506/LocalTc.950.0.fig4.pdf, id=4625, 361.35pt x 216.81pt>
File: bmr26506/LocalTc.950.0.fig4.pdf Graphic file (type pdf)
<use bmr26506/LocalTc.950.0.fig4.pdf>
Package pdftex.def Info: bmr26506/LocalTc.950.0.fig4.pdf  used on input line 87
1.
(pdftex.def)             Requested size: 97.71951pt x 111.13734pt.

Overfull \hbox (13.78955pt too wide) in paragraph at lines 867--872
[] [] [] [] [] 
 []



[14 <./bmr17047/LocalTc.500.0.fig0.pdf> <./bmr17047/LocalTc.500.0.fig1.pdf

pdfTeX warning: pdflatex (file ./bmr17047/LocalTc.500.0.fig1.pdf): PDF inclusio
n: multiple pdfs with page group included in a single page
> <./bmr17047/LocalTc.500.0.fig2.pdf

pdfTeX warning: pdflatex (file ./bmr17047/LocalTc.500.0.fig2.pdf): PDF inclusio
n: multiple pdfs with page group included in a single page
> <./bmr17047/LocalTc.500.0.fig3.pdf

pdfTeX warning: pdflatex (file ./bmr17047/LocalTc.500.0.fig3.pdf): PDF inclusio
n: multiple pdfs with page group included in a single page
> <./bmr17047/LocalTc.500.0.fig4.pdf

pdfTeX warning: pdflatex (file ./bmr17047/LocalTc.500.0.fig4.pdf): PDF inclusio
n: multiple pdfs with page group included in a single page
> <./bmr17046/LocalTc.600.0.fig0.pdf

pdfTeX warning: pdflatex (file ./bmr17046/LocalTc.600.0.fig0.pdf): PDF inclusio
n: multiple pdfs with page group included in a single page
> <./bmr17046/LocalTc.600.0.fig1.pdf

pdfTeX warning: pdflatex (file ./bmr17046/LocalTc.600.0.fig1.pdf): PDF inclusio
n: multiple pdfs with page group included in a single page
> <./bmr17046/LocalTc.600.0.fig2.pdf

pdfTeX warning: pdflatex (file ./bmr17046/LocalTc.600.0.fig2.pdf): PDF inclusio
n: multiple pdfs with page group included in a single page
> <./bmr17046/LocalTc.600.0.fig3.pdf

pdfTeX warning: pdflatex (file ./bmr17046/LocalTc.600.0.fig3.pdf): PDF inclusio
n: multiple pdfs with page group included in a single page
> <./bmr17046/LocalTc.600.0.fig4.pdf

pdfTeX warning: pdflatex (file ./bmr17046/LocalTc.600.0.fig4.pdf): PDF inclusio
n: multiple pdfs with page group included in a single page
>]
<bmr15562/LocalTc.600.0.fig0.pdf, id=4902, 361.35pt x 216.81pt>
File: bmr15562/LocalTc.600.0.fig0.pdf Graphic file (type pdf)
<use bmr15562/LocalTc.600.0.fig0.pdf>
Package pdftex.def Info: bmr15562/LocalTc.600.0.fig0.pdf  used on input line 89
5.
(pdftex.def)             Requested size: 97.71951pt x 111.13734pt.
<bmr15562/LocalTc.600.0.fig1.pdf, id=4903, 361.35pt x 216.81pt>
File: bmr15562/LocalTc.600.0.fig1.pdf Graphic file (type pdf)
<use bmr15562/LocalTc.600.0.fig1.pdf>
Package pdftex.def Info: bmr15562/LocalTc.600.0.fig1.pdf  used on input line 89
6.
(pdftex.def)             Requested size: 97.71951pt x 111.13734pt.
<bmr15562/LocalTc.600.0.fig2.pdf, id=4904, 361.35pt x 216.81pt>
File: bmr15562/LocalTc.600.0.fig2.pdf Graphic file (type pdf)
<use bmr15562/LocalTc.600.0.fig2.pdf>
Package pdftex.def Info: bmr15562/LocalTc.600.0.fig2.pdf  used on input line 89
7.
(pdftex.def)             Requested size: 97.71951pt x 111.13734pt.
<bmr15562/LocalTc.600.0.fig3.pdf, id=4905, 361.35pt x 216.81pt>
File: bmr15562/LocalTc.600.0.fig3.pdf Graphic file (type pdf)
<use bmr15562/LocalTc.600.0.fig3.pdf>
Package pdftex.def Info: bmr15562/LocalTc.600.0.fig3.pdf  used on input line 89
8.
(pdftex.def)             Requested size: 97.71951pt x 111.13734pt.
<bmr15562/LocalTc.600.0.fig4.pdf, id=4906, 361.35pt x 216.81pt>
File: bmr15562/LocalTc.600.0.fig4.pdf Graphic file (type pdf)
<use bmr15562/LocalTc.600.0.fig4.pdf>
Package pdftex.def Info: bmr15562/LocalTc.600.0.fig4.pdf  used on input line 89
9.
(pdftex.def)             Requested size: 97.71951pt x 111.13734pt.
<bmr15562/LocalTc.600.13.fig0.pdf, id=4907, 361.35pt x 216.81pt>
File: bmr15562/LocalTc.600.13.fig0.pdf Graphic file (type pdf)
<use bmr15562/LocalTc.600.13.fig0.pdf>
Package pdftex.def Info: bmr15562/LocalTc.600.13.fig0.pdf  used on input line 9
00.
(pdftex.def)             Requested size: 97.71951pt x 111.13734pt.
<bmr15562/LocalTc.600.13.fig1.pdf, id=4908, 361.35pt x 216.81pt>
File: bmr15562/LocalTc.600.13.fig1.pdf Graphic file (type pdf)
<use bmr15562/LocalTc.600.13.fig1.pdf>
Package pdftex.def Info: bmr15562/LocalTc.600.13.fig1.pdf  used on input line 9
01.
(pdftex.def)             Requested size: 97.71951pt x 111.13734pt.
<bmr15562/LocalTc.600.13.fig2.pdf, id=4909, 361.35pt x 216.81pt>
File: bmr15562/LocalTc.600.13.fig2.pdf Graphic file (type pdf)
<use bmr15562/LocalTc.600.13.fig2.pdf>
Package pdftex.def Info: bmr15562/LocalTc.600.13.fig2.pdf  used on input line 9
02.
(pdftex.def)             Requested size: 97.71951pt x 111.13734pt.
<bmr15562/LocalTc.600.13.fig3.pdf, id=4910, 361.35pt x 216.81pt>
File: bmr15562/LocalTc.600.13.fig3.pdf Graphic file (type pdf)
<use bmr15562/LocalTc.600.13.fig3.pdf>
Package pdftex.def Info: bmr15562/LocalTc.600.13.fig3.pdf  used on input line 9
03.
(pdftex.def)             Requested size: 97.71951pt x 111.13734pt.
<bmr15562/LocalTc.600.13.fig4.pdf, id=4911, 361.35pt x 216.81pt>
File: bmr15562/LocalTc.600.13.fig4.pdf Graphic file (type pdf)
<use bmr15562/LocalTc.600.13.fig4.pdf>
Package pdftex.def Info: bmr15562/LocalTc.600.13.fig4.pdf  used on input line 9
04.
(pdftex.def)             Requested size: 97.71951pt x 111.13734pt.

Overfull \hbox (13.78955pt too wide) in paragraph at lines 895--905
[] [] [] [] []
 []


Overfull \hbox (13.78955pt too wide) in paragraph at lines 895--905
[] [] [] [] [] 
 []

<bmr51417/LocalTc.700.0.fig0.pdf, id=4912, 361.35pt x 216.81pt>
File: bmr51417/LocalTc.700.0.fig0.pdf Graphic file (type pdf)
<use bmr51417/LocalTc.700.0.fig0.pdf>
Package pdftex.def Info: bmr51417/LocalTc.700.0.fig0.pdf  used on input line 92
8.
(pdftex.def)             Requested size: 97.71951pt x 111.13734pt.
<bmr51417/LocalTc.700.0.fig1.pdf, id=4913, 361.35pt x 216.81pt>
File: bmr51417/LocalTc.700.0.fig1.pdf Graphic file (type pdf)
<use bmr51417/LocalTc.700.0.fig1.pdf>
Package pdftex.def Info: bmr51417/LocalTc.700.0.fig1.pdf  used on input line 92
9.
(pdftex.def)             Requested size: 97.71951pt x 111.13734pt.
<bmr51417/LocalTc.700.0.fig2.pdf, id=4914, 361.35pt x 216.81pt>
File: bmr51417/LocalTc.700.0.fig2.pdf Graphic file (type pdf)
<use bmr51417/LocalTc.700.0.fig2.pdf>
Package pdftex.def Info: bmr51417/LocalTc.700.0.fig2.pdf  used on input line 93
0.
(pdftex.def)             Requested size: 97.71951pt x 111.13734pt.
<bmr51417/LocalTc.700.0.fig3.pdf, id=4915, 361.35pt x 216.81pt>
File: bmr51417/LocalTc.700.0.fig3.pdf Graphic file (type pdf)
<use bmr51417/LocalTc.700.0.fig3.pdf>
Package pdftex.def Info: bmr51417/LocalTc.700.0.fig3.pdf  used on input line 93
1.
(pdftex.def)             Requested size: 97.71951pt x 111.13734pt.
<bmr51417/LocalTc.700.0.fig4.pdf, id=4916, 361.35pt x 216.81pt>
File: bmr51417/LocalTc.700.0.fig4.pdf Graphic file (type pdf)
<use bmr51417/LocalTc.700.0.fig4.pdf>
Package pdftex.def Info: bmr51417/LocalTc.700.0.fig4.pdf  used on input line 93
2.
(pdftex.def)             Requested size: 97.71951pt x 111.13734pt.
<bmr51417/LocalTc.600.0.fig0.pdf, id=4917, 361.35pt x 216.81pt>
File: bmr51417/LocalTc.600.0.fig0.pdf Graphic file (type pdf)
<use bmr51417/LocalTc.600.0.fig0.pdf>
Package pdftex.def Info: bmr51417/LocalTc.600.0.fig0.pdf  used on input line 93
3.
(pdftex.def)             Requested size: 97.71951pt x 111.13734pt.
<bmr51417/LocalTc.600.0.fig1.pdf, id=4918, 361.35pt x 216.81pt>
File: bmr51417/LocalTc.600.0.fig1.pdf Graphic file (type pdf)
<use bmr51417/LocalTc.600.0.fig1.pdf>
Package pdftex.def Info: bmr51417/LocalTc.600.0.fig1.pdf  used on input line 93
4.
(pdftex.def)             Requested size: 97.71951pt x 111.13734pt.
<bmr51417/LocalTc.600.0.fig2.pdf, id=4919, 361.35pt x 216.81pt>
File: bmr51417/LocalTc.600.0.fig2.pdf Graphic file (type pdf)
<use bmr51417/LocalTc.600.0.fig2.pdf>
Package pdftex.def Info: bmr51417/LocalTc.600.0.fig2.pdf  used on input line 93
5.
(pdftex.def)             Requested size: 97.71951pt x 111.13734pt.
<bmr51417/LocalTc.600.0.fig3.pdf, id=4920, 361.35pt x 216.81pt>
File: bmr51417/LocalTc.600.0.fig3.pdf Graphic file (type pdf)
<use bmr51417/LocalTc.600.0.fig3.pdf>
Package pdftex.def Info: bmr51417/LocalTc.600.0.fig3.pdf  used on input line 93
6.
(pdftex.def)             Requested size: 97.71951pt x 111.13734pt.
<bmr51417/LocalTc.600.0.fig4.pdf, id=4921, 361.35pt x 216.81pt>
File: bmr51417/LocalTc.600.0.fig4.pdf Graphic file (type pdf)
<use bmr51417/LocalTc.600.0.fig4.pdf>
Package pdftex.def Info: bmr51417/LocalTc.600.0.fig4.pdf  used on input line 93
7.
(pdftex.def)             Requested size: 97.71951pt x 111.13734pt.

Overfull \hbox (13.78955pt too wide) in paragraph at lines 928--938
[] [] [] [] []
 []


Overfull \hbox (13.78955pt too wide) in paragraph at lines 928--938
[] [] [] [] [] 
 []



[15 <./bmr26506/LocalTc.950.0.fig0.pdf> <./bmr26506/LocalTc.950.0.fig1.pdf

pdfTeX warning: pdflatex (file ./bmr26506/LocalTc.950.0.fig1.pdf): PDF inclusio
n: multiple pdfs with page group included in a single page
> <./bmr26506/LocalTc.950.0.fig2.pdf

pdfTeX warning: pdflatex (file ./bmr26506/LocalTc.950.0.fig2.pdf): PDF inclusio
n: multiple pdfs with page group included in a single page
> <./bmr26506/LocalTc.950.0.fig3.pdf

pdfTeX warning: pdflatex (file ./bmr26506/LocalTc.950.0.fig3.pdf): PDF inclusio
n: multiple pdfs with page group included in a single page
> <./bmr26506/LocalTc.950.0.fig4.pdf

pdfTeX warning: pdflatex (file ./bmr26506/LocalTc.950.0.fig4.pdf): PDF inclusio
n: multiple pdfs with page group included in a single page
> <./bmr15562/LocalTc.600.0.fig0.pdf

pdfTeX warning: pdflatex (file ./bmr15562/LocalTc.600.0.fig0.pdf): PDF inclusio
n: multiple pdfs with page group included in a single page
> <./bmr15562/LocalTc.600.0.fig1.pdf

pdfTeX warning: pdflatex (file ./bmr15562/LocalTc.600.0.fig1.pdf): PDF inclusio
n: multiple pdfs with page group included in a single page
> <./bmr15562/LocalTc.600.0.fig2.pdf

pdfTeX warning: pdflatex (file ./bmr15562/LocalTc.600.0.fig2.pdf): PDF inclusio
n: multiple pdfs with page group included in a single page
> <./bmr15562/LocalTc.600.0.fig3.pdf

pdfTeX warning: pdflatex (file ./bmr15562/LocalTc.600.0.fig3.pdf): PDF inclusio
n: multiple pdfs with page group included in a single page
> <./bmr15562/LocalTc.600.0.fig4.pdf

pdfTeX warning: pdflatex (file ./bmr15562/LocalTc.600.0.fig4.pdf): PDF inclusio
n: multiple pdfs with page group included in a single page
> <./bmr15562/LocalTc.600.13.fig0.pdf

pdfTeX warning: pdflatex (file ./bmr15562/LocalTc.600.13.fig0.pdf): PDF inclusi
on: multiple pdfs with page group included in a single page
> <./bmr15562/LocalTc.600.13.fig1.pdf

pdfTeX warning: pdflatex (file ./bmr15562/LocalTc.600.13.fig1.pdf): PDF inclusi
on: multiple pdfs with page group included in a single page
> <./bmr15562/LocalTc.600.13.fig2.pdf

pdfTeX warning: pdflatex (file ./bmr15562/LocalTc.600.13.fig2.pdf): PDF inclusi
on: multiple pdfs with page group included in a single page
> <./bmr15562/LocalTc.600.13.fig3.pdf

pdfTeX warning: pdflatex (file ./bmr15562/LocalTc.600.13.fig3.pdf): PDF inclusi
on: multiple pdfs with page group included in a single page
> <./bmr15562/LocalTc.600.13.fig4.pdf

pdfTeX warning: pdflatex (file ./bmr15562/LocalTc.600.13.fig4.pdf): PDF inclusi
on: multiple pdfs with page group included in a single page
>]
<bmr51414/LocalTc.800.0.fig0.pdf, id=5334, 361.35pt x 216.81pt>
File: bmr51414/LocalTc.800.0.fig0.pdf Graphic file (type pdf)
<use bmr51414/LocalTc.800.0.fig0.pdf>
Package pdftex.def Info: bmr51414/LocalTc.800.0.fig0.pdf  used on input line 96
1.
(pdftex.def)             Requested size: 97.71951pt x 111.13734pt.
<bmr51414/LocalTc.800.0.fig1.pdf, id=5335, 361.35pt x 216.81pt>
File: bmr51414/LocalTc.800.0.fig1.pdf Graphic file (type pdf)
<use bmr51414/LocalTc.800.0.fig1.pdf>
Package pdftex.def Info: bmr51414/LocalTc.800.0.fig1.pdf  used on input line 96
2.
(pdftex.def)             Requested size: 97.71951pt x 111.13734pt.
<bmr51414/LocalTc.800.0.fig2.pdf, id=5336, 361.35pt x 216.81pt>
File: bmr51414/LocalTc.800.0.fig2.pdf Graphic file (type pdf)
<use bmr51414/LocalTc.800.0.fig2.pdf>
Package pdftex.def Info: bmr51414/LocalTc.800.0.fig2.pdf  used on input line 96
3.
(pdftex.def)             Requested size: 97.71951pt x 111.13734pt.
<bmr51414/LocalTc.800.0.fig3.pdf, id=5337, 361.35pt x 216.81pt>
File: bmr51414/LocalTc.800.0.fig3.pdf Graphic file (type pdf)
<use bmr51414/LocalTc.800.0.fig3.pdf>
Package pdftex.def Info: bmr51414/LocalTc.800.0.fig3.pdf  used on input line 96
4.
(pdftex.def)             Requested size: 97.71951pt x 111.13734pt.
<bmr51414/LocalTc.800.0.fig4.pdf, id=5338, 361.35pt x 216.81pt>
File: bmr51414/LocalTc.800.0.fig4.pdf Graphic file (type pdf)
<use bmr51414/LocalTc.800.0.fig4.pdf>
Package pdftex.def Info: bmr51414/LocalTc.800.0.fig4.pdf  used on input line 96
5.
(pdftex.def)             Requested size: 97.71951pt x 111.13734pt.
<bmr51414/LocalTc.600.0.fig0.pdf, id=5339, 361.35pt x 216.81pt>
File: bmr51414/LocalTc.600.0.fig0.pdf Graphic file (type pdf)
<use bmr51414/LocalTc.600.0.fig0.pdf>
Package pdftex.def Info: bmr51414/LocalTc.600.0.fig0.pdf  used on input line 96
6.
(pdftex.def)             Requested size: 97.71951pt x 111.13734pt.
<bmr51414/LocalTc.600.0.fig1.pdf, id=5340, 361.35pt x 216.81pt>
File: bmr51414/LocalTc.600.0.fig1.pdf Graphic file (type pdf)
<use bmr51414/LocalTc.600.0.fig1.pdf>
Package pdftex.def Info: bmr51414/LocalTc.600.0.fig1.pdf  used on input line 96
7.
(pdftex.def)             Requested size: 97.71951pt x 111.13734pt.
<bmr51414/LocalTc.600.0.fig2.pdf, id=5341, 361.35pt x 216.81pt>
File: bmr51414/LocalTc.600.0.fig2.pdf Graphic file (type pdf)
<use bmr51414/LocalTc.600.0.fig2.pdf>
Package pdftex.def Info: bmr51414/LocalTc.600.0.fig2.pdf  used on input line 96
8.
(pdftex.def)             Requested size: 97.71951pt x 111.13734pt.
<bmr51414/LocalTc.600.0.fig3.pdf, id=5342, 361.35pt x 216.81pt>
File: bmr51414/LocalTc.600.0.fig3.pdf Graphic file (type pdf)
<use bmr51414/LocalTc.600.0.fig3.pdf>
Package pdftex.def Info: bmr51414/LocalTc.600.0.fig3.pdf  used on input line 96
9.
(pdftex.def)             Requested size: 97.71951pt x 111.13734pt.
<bmr51414/LocalTc.600.0.fig4.pdf, id=5343, 361.35pt x 216.81pt>
File: bmr51414/LocalTc.600.0.fig4.pdf Graphic file (type pdf)
<use bmr51414/LocalTc.600.0.fig4.pdf>
Package pdftex.def Info: bmr51414/LocalTc.600.0.fig4.pdf  used on input line 97
0.
(pdftex.def)             Requested size: 97.71951pt x 111.13734pt.

Overfull \hbox (13.78955pt too wide) in paragraph at lines 961--971
[] [] [] [] []
 []


Overfull \hbox (13.78955pt too wide) in paragraph at lines 961--971
[] [] [] [] [] 
 []



[16 <./bmr51417/LocalTc.700.0.fig0.pdf> <./bmr51417/LocalTc.700.0.fig1.pdf

pdfTeX warning: pdflatex (file ./bmr51417/LocalTc.700.0.fig1.pdf): PDF inclusio
n: multiple pdfs with page group included in a single page
> <./bmr51417/LocalTc.700.0.fig2.pdf

pdfTeX warning: pdflatex (file ./bmr51417/LocalTc.700.0.fig2.pdf): PDF inclusio
n: multiple pdfs with page group included in a single page
> <./bmr51417/LocalTc.700.0.fig3.pdf

pdfTeX warning: pdflatex (file ./bmr51417/LocalTc.700.0.fig3.pdf): PDF inclusio
n: multiple pdfs with page group included in a single page
> <./bmr51417/LocalTc.700.0.fig4.pdf

pdfTeX warning: pdflatex (file ./bmr51417/LocalTc.700.0.fig4.pdf): PDF inclusio
n: multiple pdfs with page group included in a single page
> <./bmr51417/LocalTc.600.0.fig0.pdf

pdfTeX warning: pdflatex (file ./bmr51417/LocalTc.600.0.fig0.pdf): PDF inclusio
n: multiple pdfs with page group included in a single page
> <./bmr51417/LocalTc.600.0.fig1.pdf

pdfTeX warning: pdflatex (file ./bmr51417/LocalTc.600.0.fig1.pdf): PDF inclusio
n: multiple pdfs with page group included in a single page
> <./bmr51417/LocalTc.600.0.fig2.pdf

pdfTeX warning: pdflatex (file ./bmr51417/LocalTc.600.0.fig2.pdf): PDF inclusio
n: multiple pdfs with page group included in a single page
> <./bmr51417/LocalTc.600.0.fig3.pdf

pdfTeX warning: pdflatex (file ./bmr51417/LocalTc.600.0.fig3.pdf): PDF inclusio
n: multiple pdfs with page group included in a single page
> <./bmr51417/LocalTc.600.0.fig4.pdf

pdfTeX warning: pdflatex (file ./bmr51417/LocalTc.600.0.fig4.pdf): PDF inclusio
n: multiple pdfs with page group included in a single page
> <./bmr51414/LocalTc.800.0.fig0.pdf

pdfTeX warning: pdflatex (file ./bmr51414/LocalTc.800.0.fig0.pdf): PDF inclusio
n: multiple pdfs with page group included in a single page
> <./bmr51414/LocalTc.800.0.fig1.pdf

pdfTeX warning: pdflatex (file ./bmr51414/LocalTc.800.0.fig1.pdf): PDF inclusio
n: multiple pdfs with page group included in a single page
> <./bmr51414/LocalTc.800.0.fig2.pdf

pdfTeX warning: pdflatex (file ./bmr51414/LocalTc.800.0.fig2.pdf): PDF inclusio
n: multiple pdfs with page group included in a single page
> <./bmr51414/LocalTc.800.0.fig3.pdf

pdfTeX warning: pdflatex (file ./bmr51414/LocalTc.800.0.fig3.pdf): PDF inclusio
n: multiple pdfs with page group included in a single page
> <./bmr51414/LocalTc.800.0.fig4.pdf

pdfTeX warning: pdflatex (file ./bmr51414/LocalTc.800.0.fig4.pdf): PDF inclusio
n: multiple pdfs with page group included in a single page
> <./bmr51414/LocalTc.600.0.fig0.pdf

pdfTeX warning: pdflatex (file ./bmr51414/LocalTc.600.0.fig0.pdf): PDF inclusio
n: multiple pdfs with page group included in a single page
> <./bmr51414/LocalTc.600.0.fig1.pdf

pdfTeX warning: pdflatex (file ./bmr51414/LocalTc.600.0.fig1.pdf): PDF inclusio
n: multiple pdfs with page group included in a single page
> <./bmr51414/LocalTc.600.0.fig2.pdf

pdfTeX warning: pdflatex (file ./bmr51414/LocalTc.600.0.fig2.pdf): PDF inclusio
n: multiple pdfs with page group included in a single page
> <./bmr51414/LocalTc.600.0.fig3.pdf

pdfTeX warning: pdflatex (file ./bmr51414/LocalTc.600.0.fig3.pdf): PDF inclusio
n: multiple pdfs with page group included in a single page
> <./bmr51414/LocalTc.600.0.fig4.pdf

pdfTeX warning: pdflatex (file ./bmr51414/LocalTc.600.0.fig4.pdf): PDF inclusio
n: multiple pdfs with page group included in a single page
>]
<bmr6243/LocalTc.600.18.fig0.pdf, id=5892, 361.35pt x 216.81pt>
File: bmr6243/LocalTc.600.18.fig0.pdf Graphic file (type pdf)
<use bmr6243/LocalTc.600.18.fig0.pdf>
Package pdftex.def Info: bmr6243/LocalTc.600.18.fig0.pdf  used on input line 99
4.
(pdftex.def)             Requested size: 97.71951pt x 111.13734pt.
<bmr6243/LocalTc.600.18.fig1.pdf, id=5893, 361.35pt x 216.81pt>
File: bmr6243/LocalTc.600.18.fig1.pdf Graphic file (type pdf)
<use bmr6243/LocalTc.600.18.fig1.pdf>
Package pdftex.def Info: bmr6243/LocalTc.600.18.fig1.pdf  used on input line 99
5.
(pdftex.def)             Requested size: 97.71951pt x 111.13734pt.
<bmr6243/LocalTc.600.18.fig2.pdf, id=5894, 361.35pt x 216.81pt>
File: bmr6243/LocalTc.600.18.fig2.pdf Graphic file (type pdf)
<use bmr6243/LocalTc.600.18.fig2.pdf>
Package pdftex.def Info: bmr6243/LocalTc.600.18.fig2.pdf  used on input line 99
6.
(pdftex.def)             Requested size: 97.71951pt x 111.13734pt.
<bmr6243/LocalTc.600.18.fig3.pdf, id=5895, 361.35pt x 216.81pt>
File: bmr6243/LocalTc.600.18.fig3.pdf Graphic file (type pdf)
<use bmr6243/LocalTc.600.18.fig3.pdf>
Package pdftex.def Info: bmr6243/LocalTc.600.18.fig3.pdf  used on input line 99
7.
(pdftex.def)             Requested size: 97.71951pt x 111.13734pt.
<bmr6243/LocalTc.600.18.fig4.pdf, id=5896, 361.35pt x 216.81pt>
File: bmr6243/LocalTc.600.18.fig4.pdf Graphic file (type pdf)
<use bmr6243/LocalTc.600.18.fig4.pdf>
Package pdftex.def Info: bmr6243/LocalTc.600.18.fig4.pdf  used on input line 99
8.
(pdftex.def)             Requested size: 97.71951pt x 111.13734pt.
<bmr6243/LocalTc.500.0.fig0.pdf, id=5897, 361.35pt x 216.81pt>
File: bmr6243/LocalTc.500.0.fig0.pdf Graphic file (type pdf)
<use bmr6243/LocalTc.500.0.fig0.pdf>
Package pdftex.def Info: bmr6243/LocalTc.500.0.fig0.pdf  used on input line 999
.
(pdftex.def)             Requested size: 97.71951pt x 111.13734pt.
<bmr6243/LocalTc.500.0.fig1.pdf, id=5898, 361.35pt x 216.81pt>
File: bmr6243/LocalTc.500.0.fig1.pdf Graphic file (type pdf)
<use bmr6243/LocalTc.500.0.fig1.pdf>
Package pdftex.def Info: bmr6243/LocalTc.500.0.fig1.pdf  used on input line 100
0.
(pdftex.def)             Requested size: 97.71951pt x 111.13734pt.
<bmr6243/LocalTc.500.0.fig2.pdf, id=5899, 361.35pt x 216.81pt>
File: bmr6243/LocalTc.500.0.fig2.pdf Graphic file (type pdf)
<use bmr6243/LocalTc.500.0.fig2.pdf>
Package pdftex.def Info: bmr6243/LocalTc.500.0.fig2.pdf  used on input line 100
1.
(pdftex.def)             Requested size: 97.71951pt x 111.13734pt.
<bmr6243/LocalTc.500.0.fig3.pdf, id=5900, 361.35pt x 216.81pt>
File: bmr6243/LocalTc.500.0.fig3.pdf Graphic file (type pdf)
<use bmr6243/LocalTc.500.0.fig3.pdf>
Package pdftex.def Info: bmr6243/LocalTc.500.0.fig3.pdf  used on input line 100
2.
(pdftex.def)             Requested size: 97.71951pt x 111.13734pt.
<bmr6243/LocalTc.500.0.fig4.pdf, id=5901, 361.35pt x 216.81pt>
File: bmr6243/LocalTc.500.0.fig4.pdf Graphic file (type pdf)
<use bmr6243/LocalTc.500.0.fig4.pdf>
Package pdftex.def Info: bmr6243/LocalTc.500.0.fig4.pdf  used on input line 100
3.
(pdftex.def)             Requested size: 97.71951pt x 111.13734pt.
<bmr6243/LocalTc.600.0.fig0.pdf, id=5902, 361.35pt x 216.81pt>
File: bmr6243/LocalTc.600.0.fig0.pdf Graphic file (type pdf)
<use bmr6243/LocalTc.600.0.fig0.pdf>
Package pdftex.def Info: bmr6243/LocalTc.600.0.fig0.pdf  used on input line 100
4.
(pdftex.def)             Requested size: 97.71951pt x 111.13734pt.
<bmr6243/LocalTc.600.0.fig1.pdf, id=5903, 361.35pt x 216.81pt>
File: bmr6243/LocalTc.600.0.fig1.pdf Graphic file (type pdf)
<use bmr6243/LocalTc.600.0.fig1.pdf>
Package pdftex.def Info: bmr6243/LocalTc.600.0.fig1.pdf  used on input line 100
5.
(pdftex.def)             Requested size: 97.71951pt x 111.13734pt.
<bmr6243/LocalTc.600.0.fig2.pdf, id=5904, 361.35pt x 216.81pt>
File: bmr6243/LocalTc.600.0.fig2.pdf Graphic file (type pdf)
<use bmr6243/LocalTc.600.0.fig2.pdf>
Package pdftex.def Info: bmr6243/LocalTc.600.0.fig2.pdf  used on input line 100
6.
(pdftex.def)             Requested size: 97.71951pt x 111.13734pt.
<bmr6243/LocalTc.600.0.fig3.pdf, id=5905, 361.35pt x 216.81pt>
File: bmr6243/LocalTc.600.0.fig3.pdf Graphic file (type pdf)
<use bmr6243/LocalTc.600.0.fig3.pdf>
Package pdftex.def Info: bmr6243/LocalTc.600.0.fig3.pdf  used on input line 100
7.
(pdftex.def)             Requested size: 97.71951pt x 111.13734pt.
<bmr6243/LocalTc.600.0.fig4.pdf, id=5906, 361.35pt x 216.81pt>
File: bmr6243/LocalTc.600.0.fig4.pdf Graphic file (type pdf)
<use bmr6243/LocalTc.600.0.fig4.pdf>
Package pdftex.def Info: bmr6243/LocalTc.600.0.fig4.pdf  used on input line 100
8.
(pdftex.def)             Requested size: 97.71951pt x 111.13734pt.

Overfull \hbox (13.78955pt too wide) in paragraph at lines 994--1009
[] [] [] [] []
 []


Overfull \hbox (13.78955pt too wide) in paragraph at lines 994--1009
[] [] [] [] []
 []


Overfull \hbox (13.78955pt too wide) in paragraph at lines 994--1009
[] [] [] [] [] 
 []

<bmr5154/LocalTc.800.0.fig0.pdf, id=5907, 361.35pt x 216.81pt>
File: bmr5154/LocalTc.800.0.fig0.pdf Graphic file (type pdf)
<use bmr5154/LocalTc.800.0.fig0.pdf>
Package pdftex.def Info: bmr5154/LocalTc.800.0.fig0.pdf  used on input line 103
2.
(pdftex.def)             Requested size: 97.71951pt x 111.13734pt.
<bmr5154/LocalTc.800.0.fig1.pdf, id=5908, 361.35pt x 216.81pt>
File: bmr5154/LocalTc.800.0.fig1.pdf Graphic file (type pdf)
<use bmr5154/LocalTc.800.0.fig1.pdf>
Package pdftex.def Info: bmr5154/LocalTc.800.0.fig1.pdf  used on input line 103
3.
(pdftex.def)             Requested size: 97.71951pt x 111.13734pt.
<bmr5154/LocalTc.800.0.fig2.pdf, id=5909, 361.35pt x 216.81pt>
File: bmr5154/LocalTc.800.0.fig2.pdf Graphic file (type pdf)
<use bmr5154/LocalTc.800.0.fig2.pdf>
Package pdftex.def Info: bmr5154/LocalTc.800.0.fig2.pdf  used on input line 103
4.
(pdftex.def)             Requested size: 97.71951pt x 111.13734pt.
<bmr5154/LocalTc.800.0.fig3.pdf, id=5910, 361.35pt x 216.81pt>
File: bmr5154/LocalTc.800.0.fig3.pdf Graphic file (type pdf)
<use bmr5154/LocalTc.800.0.fig3.pdf>
Package pdftex.def Info: bmr5154/LocalTc.800.0.fig3.pdf  used on input line 103
5.
(pdftex.def)             Requested size: 97.71951pt x 111.13734pt.
<bmr5154/LocalTc.800.0.fig4.pdf, id=5911, 361.35pt x 216.81pt>
File: bmr5154/LocalTc.800.0.fig4.pdf Graphic file (type pdf)
<use bmr5154/LocalTc.800.0.fig4.pdf>
Package pdftex.def Info: bmr5154/LocalTc.800.0.fig4.pdf  used on input line 103
6.
(pdftex.def)             Requested size: 97.71951pt x 111.13734pt.

Overfull \hbox (13.78955pt too wide) in paragraph at lines 1032--1037
[] [] [] [] [] 
 []



[17 <./bmr6243/LocalTc.600.18.fig0.pdf> <./bmr6243/LocalTc.600.18.fig1.pdf

pdfTeX warning: pdflatex (file ./bmr6243/LocalTc.600.18.fig1.pdf): PDF inclusio
n: multiple pdfs with page group included in a single page
> <./bmr6243/LocalTc.600.18.fig2.pdf

pdfTeX warning: pdflatex (file ./bmr6243/LocalTc.600.18.fig2.pdf): PDF inclusio
n: multiple pdfs with page group included in a single page
> <./bmr6243/LocalTc.600.18.fig3.pdf

pdfTeX warning: pdflatex (file ./bmr6243/LocalTc.600.18.fig3.pdf): PDF inclusio
n: multiple pdfs with page group included in a single page
> <./bmr6243/LocalTc.600.18.fig4.pdf

pdfTeX warning: pdflatex (file ./bmr6243/LocalTc.600.18.fig4.pdf): PDF inclusio
n: multiple pdfs with page group included in a single page
> <./bmr6243/LocalTc.500.0.fig0.pdf

pdfTeX warning: pdflatex (file ./bmr6243/LocalTc.500.0.fig0.pdf): PDF inclusion
: multiple pdfs with page group included in a single page
> <./bmr6243/LocalTc.500.0.fig1.pdf

pdfTeX warning: pdflatex (file ./bmr6243/LocalTc.500.0.fig1.pdf): PDF inclusion
: multiple pdfs with page group included in a single page
> <./bmr6243/LocalTc.500.0.fig2.pdf

pdfTeX warning: pdflatex (file ./bmr6243/LocalTc.500.0.fig2.pdf): PDF inclusion
: multiple pdfs with page group included in a single page
> <./bmr6243/LocalTc.500.0.fig3.pdf

pdfTeX warning: pdflatex (file ./bmr6243/LocalTc.500.0.fig3.pdf): PDF inclusion
: multiple pdfs with page group included in a single page
> <./bmr6243/LocalTc.500.0.fig4.pdf

pdfTeX warning: pdflatex (file ./bmr6243/LocalTc.500.0.fig4.pdf): PDF inclusion
: multiple pdfs with page group included in a single page
> <./bmr6243/LocalTc.600.0.fig0.pdf

pdfTeX warning: pdflatex (file ./bmr6243/LocalTc.600.0.fig0.pdf): PDF inclusion
: multiple pdfs with page group included in a single page
> <./bmr6243/LocalTc.600.0.fig1.pdf

pdfTeX warning: pdflatex (file ./bmr6243/LocalTc.600.0.fig1.pdf): PDF inclusion
: multiple pdfs with page group included in a single page
> <./bmr6243/LocalTc.600.0.fig2.pdf

pdfTeX warning: pdflatex (file ./bmr6243/LocalTc.600.0.fig2.pdf): PDF inclusion
: multiple pdfs with page group included in a single page
> <./bmr6243/LocalTc.600.0.fig3.pdf

pdfTeX warning: pdflatex (file ./bmr6243/LocalTc.600.0.fig3.pdf): PDF inclusion
: multiple pdfs with page group included in a single page
> <./bmr6243/LocalTc.600.0.fig4.pdf

pdfTeX warning: pdflatex (file ./bmr6243/LocalTc.600.0.fig4.pdf): PDF inclusion
: multiple pdfs with page group included in a single page
> <./bmr5154/LocalTc.800.0.fig0.pdf

pdfTeX warning: pdflatex (file ./bmr5154/LocalTc.800.0.fig0.pdf): PDF inclusion
: multiple pdfs with page group included in a single page
> <./bmr5154/LocalTc.800.0.fig1.pdf

pdfTeX warning: pdflatex (file ./bmr5154/LocalTc.800.0.fig1.pdf): PDF inclusion
: multiple pdfs with page group included in a single page
> <./bmr5154/LocalTc.800.0.fig2.pdf

pdfTeX warning: pdflatex (file ./bmr5154/LocalTc.800.0.fig2.pdf): PDF inclusion
: multiple pdfs with page group included in a single page
> <./bmr5154/LocalTc.800.0.fig3.pdf

pdfTeX warning: pdflatex (file ./bmr5154/LocalTc.800.0.fig3.pdf): PDF inclusion
: multiple pdfs with page group included in a single page
> <./bmr5154/LocalTc.800.0.fig4.pdf

pdfTeX warning: pdflatex (file ./bmr5154/LocalTc.800.0.fig4.pdf): PDF inclusion
: multiple pdfs with page group included in a single page
>]
<bmr6577/LocalTc.800.0.fig0.pdf, id=6460, 361.35pt x 216.81pt>
File: bmr6577/LocalTc.800.0.fig0.pdf Graphic file (type pdf)
<use bmr6577/LocalTc.800.0.fig0.pdf>
Package pdftex.def Info: bmr6577/LocalTc.800.0.fig0.pdf  used on input line 106
0.
(pdftex.def)             Requested size: 97.71951pt x 111.13734pt.
<bmr6577/LocalTc.800.0.fig1.pdf, id=6461, 361.35pt x 216.81pt>
File: bmr6577/LocalTc.800.0.fig1.pdf Graphic file (type pdf)
<use bmr6577/LocalTc.800.0.fig1.pdf>
Package pdftex.def Info: bmr6577/LocalTc.800.0.fig1.pdf  used on input line 106
1.
(pdftex.def)             Requested size: 97.71951pt x 111.13734pt.
<bmr6577/LocalTc.800.0.fig2.pdf, id=6462, 361.35pt x 216.81pt>
File: bmr6577/LocalTc.800.0.fig2.pdf Graphic file (type pdf)
<use bmr6577/LocalTc.800.0.fig2.pdf>
Package pdftex.def Info: bmr6577/LocalTc.800.0.fig2.pdf  used on input line 106
2.
(pdftex.def)             Requested size: 97.71951pt x 111.13734pt.
<bmr6577/LocalTc.800.0.fig3.pdf, id=6463, 361.35pt x 216.81pt>
File: bmr6577/LocalTc.800.0.fig3.pdf Graphic file (type pdf)
<use bmr6577/LocalTc.800.0.fig3.pdf>
Package pdftex.def Info: bmr6577/LocalTc.800.0.fig3.pdf  used on input line 106
3.
(pdftex.def)             Requested size: 97.71951pt x 111.13734pt.
<bmr6577/LocalTc.800.0.fig4.pdf, id=6464, 361.35pt x 216.81pt>
File: bmr6577/LocalTc.800.0.fig4.pdf Graphic file (type pdf)
<use bmr6577/LocalTc.800.0.fig4.pdf>
Package pdftex.def Info: bmr6577/LocalTc.800.0.fig4.pdf  used on input line 106
4.
(pdftex.def)             Requested size: 97.71951pt x 111.13734pt.

Overfull \hbox (13.78955pt too wide) in paragraph at lines 1060--1065
[] [] [] [] [] 
 []

<bmr51416/LocalTc.800.0.fig0.pdf, id=6465, 361.35pt x 216.81pt>
File: bmr51416/LocalTc.800.0.fig0.pdf Graphic file (type pdf)
<use bmr51416/LocalTc.800.0.fig0.pdf>
Package pdftex.def Info: bmr51416/LocalTc.800.0.fig0.pdf  used on input line 10
88.
(pdftex.def)             Requested size: 97.71951pt x 111.13734pt.
<bmr51416/LocalTc.800.0.fig1.pdf, id=6466, 361.35pt x 216.81pt>
File: bmr51416/LocalTc.800.0.fig1.pdf Graphic file (type pdf)
<use bmr51416/LocalTc.800.0.fig1.pdf>
Package pdftex.def Info: bmr51416/LocalTc.800.0.fig1.pdf  used on input line 10
89.
(pdftex.def)             Requested size: 97.71951pt x 111.13734pt.
<bmr51416/LocalTc.800.0.fig2.pdf, id=6467, 361.35pt x 216.81pt>
File: bmr51416/LocalTc.800.0.fig2.pdf Graphic file (type pdf)
<use bmr51416/LocalTc.800.0.fig2.pdf>
Package pdftex.def Info: bmr51416/LocalTc.800.0.fig2.pdf  used on input line 10
90.
(pdftex.def)             Requested size: 97.71951pt x 111.13734pt.
<bmr51416/LocalTc.800.0.fig3.pdf, id=6468, 361.35pt x 216.81pt>
File: bmr51416/LocalTc.800.0.fig3.pdf Graphic file (type pdf)
<use bmr51416/LocalTc.800.0.fig3.pdf>
Package pdftex.def Info: bmr51416/LocalTc.800.0.fig3.pdf  used on input line 10
91.
(pdftex.def)             Requested size: 97.71951pt x 111.13734pt.
<bmr51416/LocalTc.800.0.fig4.pdf, id=6469, 361.35pt x 216.81pt>
File: bmr51416/LocalTc.800.0.fig4.pdf Graphic file (type pdf)
<use bmr51416/LocalTc.800.0.fig4.pdf>
Package pdftex.def Info: bmr51416/LocalTc.800.0.fig4.pdf  used on input line 10
92.
(pdftex.def)             Requested size: 97.71951pt x 111.13734pt.
<bmr51416/LocalTc.600.0.fig0.pdf, id=6470, 361.35pt x 216.81pt>
File: bmr51416/LocalTc.600.0.fig0.pdf Graphic file (type pdf)
<use bmr51416/LocalTc.600.0.fig0.pdf>
Package pdftex.def Info: bmr51416/LocalTc.600.0.fig0.pdf  used on input line 10
93.
(pdftex.def)             Requested size: 97.71951pt x 111.13734pt.
<bmr51416/LocalTc.600.0.fig1.pdf, id=6471, 361.35pt x 216.81pt>
File: bmr51416/LocalTc.600.0.fig1.pdf Graphic file (type pdf)
<use bmr51416/LocalTc.600.0.fig1.pdf>
Package pdftex.def Info: bmr51416/LocalTc.600.0.fig1.pdf  used on input line 10
94.
(pdftex.def)             Requested size: 97.71951pt x 111.13734pt.
<bmr51416/LocalTc.600.0.fig2.pdf, id=6472, 361.35pt x 216.81pt>
File: bmr51416/LocalTc.600.0.fig2.pdf Graphic file (type pdf)
<use bmr51416/LocalTc.600.0.fig2.pdf>
Package pdftex.def Info: bmr51416/LocalTc.600.0.fig2.pdf  used on input line 10
95.
(pdftex.def)             Requested size: 97.71951pt x 111.13734pt.
<bmr51416/LocalTc.600.0.fig3.pdf, id=6473, 361.35pt x 216.81pt>
File: bmr51416/LocalTc.600.0.fig3.pdf Graphic file (type pdf)
<use bmr51416/LocalTc.600.0.fig3.pdf>
Package pdftex.def Info: bmr51416/LocalTc.600.0.fig3.pdf  used on input line 10
96.
(pdftex.def)             Requested size: 97.71951pt x 111.13734pt.
<bmr51416/LocalTc.600.0.fig4.pdf, id=6474, 361.35pt x 216.81pt>
File: bmr51416/LocalTc.600.0.fig4.pdf Graphic file (type pdf)
<use bmr51416/LocalTc.600.0.fig4.pdf>
Package pdftex.def Info: bmr51416/LocalTc.600.0.fig4.pdf  used on input line 10
97.
(pdftex.def)             Requested size: 97.71951pt x 111.13734pt.

Overfull \hbox (13.78955pt too wide) in paragraph at lines 1088--1098
[] [] [] [] []
 []


Overfull \hbox (13.78955pt too wide) in paragraph at lines 1088--1098
[] [] [] [] [] 
 []



[18 <./bmr6577/LocalTc.800.0.fig0.pdf> <./bmr6577/LocalTc.800.0.fig1.pdf

pdfTeX warning: pdflatex (file ./bmr6577/LocalTc.800.0.fig1.pdf): PDF inclusion
: multiple pdfs with page group included in a single page
> <./bmr6577/LocalTc.800.0.fig2.pdf

pdfTeX warning: pdflatex (file ./bmr6577/LocalTc.800.0.fig2.pdf): PDF inclusion
: multiple pdfs with page group included in a single page
> <./bmr6577/LocalTc.800.0.fig3.pdf

pdfTeX warning: pdflatex (file ./bmr6577/LocalTc.800.0.fig3.pdf): PDF inclusion
: multiple pdfs with page group included in a single page
> <./bmr6577/LocalTc.800.0.fig4.pdf

pdfTeX warning: pdflatex (file ./bmr6577/LocalTc.800.0.fig4.pdf): PDF inclusion
: multiple pdfs with page group included in a single page
> <./bmr51416/LocalTc.800.0.fig0.pdf

pdfTeX warning: pdflatex (file ./bmr51416/LocalTc.800.0.fig0.pdf): PDF inclusio
n: multiple pdfs with page group included in a single page
> <./bmr51416/LocalTc.800.0.fig1.pdf

pdfTeX warning: pdflatex (file ./bmr51416/LocalTc.800.0.fig1.pdf): PDF inclusio
n: multiple pdfs with page group included in a single page
> <./bmr51416/LocalTc.800.0.fig2.pdf

pdfTeX warning: pdflatex (file ./bmr51416/LocalTc.800.0.fig2.pdf): PDF inclusio
n: multiple pdfs with page group included in a single page
> <./bmr51416/LocalTc.800.0.fig3.pdf

pdfTeX warning: pdflatex (file ./bmr51416/LocalTc.800.0.fig3.pdf): PDF inclusio
n: multiple pdfs with page group included in a single page
> <./bmr51416/LocalTc.800.0.fig4.pdf

pdfTeX warning: pdflatex (file ./bmr51416/LocalTc.800.0.fig4.pdf): PDF inclusio
n: multiple pdfs with page group included in a single page
> <./bmr51416/LocalTc.600.0.fig0.pdf

pdfTeX warning: pdflatex (file ./bmr51416/LocalTc.600.0.fig0.pdf): PDF inclusio
n: multiple pdfs with page group included in a single page
> <./bmr51416/LocalTc.600.0.fig1.pdf

pdfTeX warning: pdflatex (file ./bmr51416/LocalTc.600.0.fig1.pdf): PDF inclusio
n: multiple pdfs with page group included in a single page
> <./bmr51416/LocalTc.600.0.fig2.pdf

pdfTeX warning: pdflatex (file ./bmr51416/LocalTc.600.0.fig2.pdf): PDF inclusio
n: multiple pdfs with page group included in a single page
> <./bmr51416/LocalTc.600.0.fig3.pdf

pdfTeX warning: pdflatex (file ./bmr51416/LocalTc.600.0.fig3.pdf): PDF inclusio
n: multiple pdfs with page group included in a single page
> <./bmr51416/LocalTc.600.0.fig4.pdf

pdfTeX warning: pdflatex (file ./bmr51416/LocalTc.600.0.fig4.pdf): PDF inclusio
n: multiple pdfs with page group included in a single page
>]
<bmr51415/LocalTc.600.0.fig0.pdf, id=6887, 361.35pt x 216.81pt>
File: bmr51415/LocalTc.600.0.fig0.pdf Graphic file (type pdf)
<use bmr51415/LocalTc.600.0.fig0.pdf>
Package pdftex.def Info: bmr51415/LocalTc.600.0.fig0.pdf  used on input line 11
21.
(pdftex.def)             Requested size: 97.71951pt x 111.13734pt.
<bmr51415/LocalTc.600.0.fig1.pdf, id=6888, 361.35pt x 216.81pt>
File: bmr51415/LocalTc.600.0.fig1.pdf Graphic file (type pdf)
<use bmr51415/LocalTc.600.0.fig1.pdf>
Package pdftex.def Info: bmr51415/LocalTc.600.0.fig1.pdf  used on input line 11
22.
(pdftex.def)             Requested size: 97.71951pt x 111.13734pt.
<bmr51415/LocalTc.600.0.fig2.pdf, id=6889, 361.35pt x 216.81pt>
File: bmr51415/LocalTc.600.0.fig2.pdf Graphic file (type pdf)
<use bmr51415/LocalTc.600.0.fig2.pdf>
Package pdftex.def Info: bmr51415/LocalTc.600.0.fig2.pdf  used on input line 11
23.
(pdftex.def)             Requested size: 97.71951pt x 111.13734pt.
<bmr51415/LocalTc.600.0.fig3.pdf, id=6890, 361.35pt x 216.81pt>
File: bmr51415/LocalTc.600.0.fig3.pdf Graphic file (type pdf)
<use bmr51415/LocalTc.600.0.fig3.pdf>
Package pdftex.def Info: bmr51415/LocalTc.600.0.fig3.pdf  used on input line 11
24.
(pdftex.def)             Requested size: 97.71951pt x 111.13734pt.
<bmr51415/LocalTc.600.0.fig4.pdf, id=6891, 361.35pt x 216.81pt>
File: bmr51415/LocalTc.600.0.fig4.pdf Graphic file (type pdf)
<use bmr51415/LocalTc.600.0.fig4.pdf>
Package pdftex.def Info: bmr51415/LocalTc.600.0.fig4.pdf  used on input line 11
25.
(pdftex.def)             Requested size: 97.71951pt x 111.13734pt.
File: bmr51415/LocalTc.600.0.fig0.pdf Graphic file (type pdf)
<use bmr51415/LocalTc.600.0.fig0.pdf>
Package pdftex.def Info: bmr51415/LocalTc.600.0.fig0.pdf  used on input line 11
26.
(pdftex.def)             Requested size: 97.71951pt x 111.13734pt.
File: bmr51415/LocalTc.600.0.fig1.pdf Graphic file (type pdf)
<use bmr51415/LocalTc.600.0.fig1.pdf>
Package pdftex.def Info: bmr51415/LocalTc.600.0.fig1.pdf  used on input line 11
27.
(pdftex.def)             Requested size: 97.71951pt x 111.13734pt.
File: bmr51415/LocalTc.600.0.fig2.pdf Graphic file (type pdf)
<use bmr51415/LocalTc.600.0.fig2.pdf>
Package pdftex.def Info: bmr51415/LocalTc.600.0.fig2.pdf  used on input line 11
28.
(pdftex.def)             Requested size: 97.71951pt x 111.13734pt.
File: bmr51415/LocalTc.600.0.fig3.pdf Graphic file (type pdf)
<use bmr51415/LocalTc.600.0.fig3.pdf>
Package pdftex.def Info: bmr51415/LocalTc.600.0.fig3.pdf  used on input line 11
29.
(pdftex.def)             Requested size: 97.71951pt x 111.13734pt.
File: bmr51415/LocalTc.600.0.fig4.pdf Graphic file (type pdf)
<use bmr51415/LocalTc.600.0.fig4.pdf>
Package pdftex.def Info: bmr51415/LocalTc.600.0.fig4.pdf  used on input line 11
30.
(pdftex.def)             Requested size: 97.71951pt x 111.13734pt.

Overfull \hbox (13.78955pt too wide) in paragraph at lines 1121--1131
[] [] [] [] []
 []


Overfull \hbox (13.78955pt too wide) in paragraph at lines 1121--1131
[] [] [] [] [] 
 []

<bmr5841/LocalTc.850.0.fig0.pdf, id=6892, 361.35pt x 216.81pt>
File: bmr5841/LocalTc.850.0.fig0.pdf Graphic file (type pdf)
<use bmr5841/LocalTc.850.0.fig0.pdf>
Package pdftex.def Info: bmr5841/LocalTc.850.0.fig0.pdf  used on input line 115
4.
(pdftex.def)             Requested size: 97.71951pt x 111.13734pt.
<bmr5841/LocalTc.850.0.fig1.pdf, id=6893, 361.35pt x 216.81pt>
File: bmr5841/LocalTc.850.0.fig1.pdf Graphic file (type pdf)
<use bmr5841/LocalTc.850.0.fig1.pdf>
Package pdftex.def Info: bmr5841/LocalTc.850.0.fig1.pdf  used on input line 115
5.
(pdftex.def)             Requested size: 97.71951pt x 111.13734pt.
<bmr5841/LocalTc.850.0.fig2.pdf, id=6894, 361.35pt x 216.81pt>
File: bmr5841/LocalTc.850.0.fig2.pdf Graphic file (type pdf)
<use bmr5841/LocalTc.850.0.fig2.pdf>
Package pdftex.def Info: bmr5841/LocalTc.850.0.fig2.pdf  used on input line 115
6.
(pdftex.def)             Requested size: 97.71951pt x 111.13734pt.
<bmr5841/LocalTc.850.0.fig3.pdf, id=6895, 361.35pt x 216.81pt>
File: bmr5841/LocalTc.850.0.fig3.pdf Graphic file (type pdf)
<use bmr5841/LocalTc.850.0.fig3.pdf>
Package pdftex.def Info: bmr5841/LocalTc.850.0.fig3.pdf  used on input line 115
7.
(pdftex.def)             Requested size: 97.71951pt x 111.13734pt.
<bmr5841/LocalTc.850.0.fig4.pdf, id=6896, 361.35pt x 216.81pt>
File: bmr5841/LocalTc.850.0.fig4.pdf Graphic file (type pdf)
<use bmr5841/LocalTc.850.0.fig4.pdf>
Package pdftex.def Info: bmr5841/LocalTc.850.0.fig4.pdf  used on input line 115
8.
(pdftex.def)             Requested size: 97.71951pt x 111.13734pt.
<bmr5841/LocalTc.500.0.fig0.pdf, id=6897, 361.35pt x 216.81pt>
File: bmr5841/LocalTc.500.0.fig0.pdf Graphic file (type pdf)
<use bmr5841/LocalTc.500.0.fig0.pdf>
Package pdftex.def Info: bmr5841/LocalTc.500.0.fig0.pdf  used on input line 115
9.
(pdftex.def)             Requested size: 97.71951pt x 111.13734pt.
<bmr5841/LocalTc.500.0.fig1.pdf, id=6898, 361.35pt x 216.81pt>
File: bmr5841/LocalTc.500.0.fig1.pdf Graphic file (type pdf)
<use bmr5841/LocalTc.500.0.fig1.pdf>
Package pdftex.def Info: bmr5841/LocalTc.500.0.fig1.pdf  used on input line 116
0.
(pdftex.def)             Requested size: 97.71951pt x 111.13734pt.
<bmr5841/LocalTc.500.0.fig2.pdf, id=6899, 361.35pt x 216.81pt>
File: bmr5841/LocalTc.500.0.fig2.pdf Graphic file (type pdf)
<use bmr5841/LocalTc.500.0.fig2.pdf>
Package pdftex.def Info: bmr5841/LocalTc.500.0.fig2.pdf  used on input line 116
1.
(pdftex.def)             Requested size: 97.71951pt x 111.13734pt.
<bmr5841/LocalTc.500.0.fig3.pdf, id=6900, 361.35pt x 216.81pt>
File: bmr5841/LocalTc.500.0.fig3.pdf Graphic file (type pdf)
<use bmr5841/LocalTc.500.0.fig3.pdf>
Package pdftex.def Info: bmr5841/LocalTc.500.0.fig3.pdf  used on input line 116
2.
(pdftex.def)             Requested size: 97.71951pt x 111.13734pt.
<bmr5841/LocalTc.500.0.fig4.pdf, id=6901, 361.35pt x 216.81pt>
File: bmr5841/LocalTc.500.0.fig4.pdf Graphic file (type pdf)
<use bmr5841/LocalTc.500.0.fig4.pdf>
Package pdftex.def Info: bmr5841/LocalTc.500.0.fig4.pdf  used on input line 116
3.
(pdftex.def)             Requested size: 97.71951pt x 111.13734pt.

Overfull \hbox (13.78955pt too wide) in paragraph at lines 1154--1164
[] [] [] [] []
 []


Overfull \hbox (13.78955pt too wide) in paragraph at lines 1154--1164
[] [] [] [] [] 
 []



[19 <./bmr51415/LocalTc.600.0.fig0.pdf> <./bmr51415/LocalTc.600.0.fig1.pdf

pdfTeX warning: pdflatex (file ./bmr51415/LocalTc.600.0.fig1.pdf): PDF inclusio
n: multiple pdfs with page group included in a single page
> <./bmr51415/LocalTc.600.0.fig2.pdf

pdfTeX warning: pdflatex (file ./bmr51415/LocalTc.600.0.fig2.pdf): PDF inclusio
n: multiple pdfs with page group included in a single page
> <./bmr51415/LocalTc.600.0.fig3.pdf

pdfTeX warning: pdflatex (file ./bmr51415/LocalTc.600.0.fig3.pdf): PDF inclusio
n: multiple pdfs with page group included in a single page
> <./bmr51415/LocalTc.600.0.fig4.pdf

pdfTeX warning: pdflatex (file ./bmr51415/LocalTc.600.0.fig4.pdf): PDF inclusio
n: multiple pdfs with page group included in a single page
> <./bmr5841/LocalTc.850.0.fig0.pdf

pdfTeX warning: pdflatex (file ./bmr5841/LocalTc.850.0.fig0.pdf): PDF inclusion
: multiple pdfs with page group included in a single page
> <./bmr5841/LocalTc.850.0.fig1.pdf

pdfTeX warning: pdflatex (file ./bmr5841/LocalTc.850.0.fig1.pdf): PDF inclusion
: multiple pdfs with page group included in a single page
> <./bmr5841/LocalTc.850.0.fig2.pdf

pdfTeX warning: pdflatex (file ./bmr5841/LocalTc.850.0.fig2.pdf): PDF inclusion
: multiple pdfs with page group included in a single page
> <./bmr5841/LocalTc.850.0.fig3.pdf

pdfTeX warning: pdflatex (file ./bmr5841/LocalTc.850.0.fig3.pdf): PDF inclusion
: multiple pdfs with page group included in a single page
> <./bmr5841/LocalTc.850.0.fig4.pdf

pdfTeX warning: pdflatex (file ./bmr5841/LocalTc.850.0.fig4.pdf): PDF inclusion
: multiple pdfs with page group included in a single page
>]
<bmr6474/LocalTc.500.0.fig0.pdf, id=7179, 361.35pt x 216.81pt>
File: bmr6474/LocalTc.500.0.fig0.pdf Graphic file (type pdf)
<use bmr6474/LocalTc.500.0.fig0.pdf>
Package pdftex.def Info: bmr6474/LocalTc.500.0.fig0.pdf  used on input line 118
7.
(pdftex.def)             Requested size: 97.71951pt x 111.13734pt.
<bmr6474/LocalTc.500.0.fig1.pdf, id=7180, 361.35pt x 216.81pt>
File: bmr6474/LocalTc.500.0.fig1.pdf Graphic file (type pdf)
<use bmr6474/LocalTc.500.0.fig1.pdf>
Package pdftex.def Info: bmr6474/LocalTc.500.0.fig1.pdf  used on input line 118
8.
(pdftex.def)             Requested size: 97.71951pt x 111.13734pt.
<bmr6474/LocalTc.500.0.fig2.pdf, id=7181, 361.35pt x 216.81pt>
File: bmr6474/LocalTc.500.0.fig2.pdf Graphic file (type pdf)
<use bmr6474/LocalTc.500.0.fig2.pdf>
Package pdftex.def Info: bmr6474/LocalTc.500.0.fig2.pdf  used on input line 118
9.
(pdftex.def)             Requested size: 97.71951pt x 111.13734pt.
<bmr6474/LocalTc.500.0.fig3.pdf, id=7182, 361.35pt x 216.81pt>
File: bmr6474/LocalTc.500.0.fig3.pdf Graphic file (type pdf)
<use bmr6474/LocalTc.500.0.fig3.pdf>
Package pdftex.def Info: bmr6474/LocalTc.500.0.fig3.pdf  used on input line 119
0.
(pdftex.def)             Requested size: 97.71951pt x 111.13734pt.
<bmr6474/LocalTc.500.0.fig4.pdf, id=7183, 361.35pt x 216.81pt>
File: bmr6474/LocalTc.500.0.fig4.pdf Graphic file (type pdf)
<use bmr6474/LocalTc.500.0.fig4.pdf>
Package pdftex.def Info: bmr6474/LocalTc.500.0.fig4.pdf  used on input line 119
1.
(pdftex.def)             Requested size: 97.71951pt x 111.13734pt.
File: bmr6474/LocalTc.500.0.fig0.pdf Graphic file (type pdf)
<use bmr6474/LocalTc.500.0.fig0.pdf>
Package pdftex.def Info: bmr6474/LocalTc.500.0.fig0.pdf  used on input line 119
2.
(pdftex.def)             Requested size: 97.71951pt x 111.13734pt.
File: bmr6474/LocalTc.500.0.fig1.pdf Graphic file (type pdf)
<use bmr6474/LocalTc.500.0.fig1.pdf>
Package pdftex.def Info: bmr6474/LocalTc.500.0.fig1.pdf  used on input line 119
3.
(pdftex.def)             Requested size: 97.71951pt x 111.13734pt.
File: bmr6474/LocalTc.500.0.fig2.pdf Graphic file (type pdf)
<use bmr6474/LocalTc.500.0.fig2.pdf>
Package pdftex.def Info: bmr6474/LocalTc.500.0.fig2.pdf  used on input line 119
4.
(pdftex.def)             Requested size: 97.71951pt x 111.13734pt.
File: bmr6474/LocalTc.500.0.fig3.pdf Graphic file (type pdf)
<use bmr6474/LocalTc.500.0.fig3.pdf>
Package pdftex.def Info: bmr6474/LocalTc.500.0.fig3.pdf  used on input line 119
5.
(pdftex.def)             Requested size: 97.71951pt x 111.13734pt.
File: bmr6474/LocalTc.500.0.fig4.pdf Graphic file (type pdf)
<use bmr6474/LocalTc.500.0.fig4.pdf>
Package pdftex.def Info: bmr6474/LocalTc.500.0.fig4.pdf  used on input line 119
6.
(pdftex.def)             Requested size: 97.71951pt x 111.13734pt.

Overfull \hbox (13.78955pt too wide) in paragraph at lines 1187--1197
[] [] [] [] []
 []


Overfull \hbox (13.78955pt too wide) in paragraph at lines 1187--1197
[] [] [] [] [] 
 []


Overfull \hbox (0.96117pt too wide) in paragraph at lines 1208--1218
[]
 []


Underfull \hbox (badness 10000) in paragraph at lines 1208--1218

 []

<bmr50284/LocalTc.700.0.fig0.pdf, id=7184, 361.35pt x 216.81pt>
File: bmr50284/LocalTc.700.0.fig0.pdf Graphic file (type pdf)
<use bmr50284/LocalTc.700.0.fig0.pdf>
Package pdftex.def Info: bmr50284/LocalTc.700.0.fig0.pdf  used on input line 12
20.
(pdftex.def)             Requested size: 97.71951pt x 111.13734pt.
<bmr50284/LocalTc.700.0.fig1.pdf, id=7185, 361.35pt x 216.81pt>
File: bmr50284/LocalTc.700.0.fig1.pdf Graphic file (type pdf)
<use bmr50284/LocalTc.700.0.fig1.pdf>
Package pdftex.def Info: bmr50284/LocalTc.700.0.fig1.pdf  used on input line 12
21.
(pdftex.def)             Requested size: 97.71951pt x 111.13734pt.
<bmr50284/LocalTc.700.0.fig2.pdf, id=7186, 361.35pt x 216.81pt>
File: bmr50284/LocalTc.700.0.fig2.pdf Graphic file (type pdf)
<use bmr50284/LocalTc.700.0.fig2.pdf>
Package pdftex.def Info: bmr50284/LocalTc.700.0.fig2.pdf  used on input line 12
22.
(pdftex.def)             Requested size: 97.71951pt x 111.13734pt.
<bmr50284/LocalTc.700.0.fig3.pdf, id=7187, 361.35pt x 216.81pt>
File: bmr50284/LocalTc.700.0.fig3.pdf Graphic file (type pdf)
<use bmr50284/LocalTc.700.0.fig3.pdf>
Package pdftex.def Info: bmr50284/LocalTc.700.0.fig3.pdf  used on input line 12
23.
(pdftex.def)             Requested size: 97.71951pt x 111.13734pt.
<bmr50284/LocalTc.700.0.fig4.pdf, id=7188, 361.35pt x 216.81pt>
File: bmr50284/LocalTc.700.0.fig4.pdf Graphic file (type pdf)
<use bmr50284/LocalTc.700.0.fig4.pdf>
Package pdftex.def Info: bmr50284/LocalTc.700.0.fig4.pdf  used on input line 12
24.
(pdftex.def)             Requested size: 97.71951pt x 111.13734pt.
<bmr50284/LocalTc.499.8598763.fig0.pdf, id=7189, 361.35pt x 216.81pt>
File: bmr50284/LocalTc.499.8598763.fig0.pdf Graphic file (type pdf)
<use bmr50284/LocalTc.499.8598763.fig0.pdf>
Package pdftex.def Info: bmr50284/LocalTc.499.8598763.fig0.pdf  used on input l
ine 1225.
(pdftex.def)             Requested size: 97.71951pt x 111.13734pt.
<bmr50284/LocalTc.499.8598763.fig1.pdf, id=7190, 361.35pt x 216.81pt>
File: bmr50284/LocalTc.499.8598763.fig1.pdf Graphic file (type pdf)
<use bmr50284/LocalTc.499.8598763.fig1.pdf>
Package pdftex.def Info: bmr50284/LocalTc.499.8598763.fig1.pdf  used on input l
ine 1226.
(pdftex.def)             Requested size: 97.71951pt x 111.13734pt.
<bmr50284/LocalTc.499.8598763.fig2.pdf, id=7191, 361.35pt x 216.81pt>
File: bmr50284/LocalTc.499.8598763.fig2.pdf Graphic file (type pdf)
<use bmr50284/LocalTc.499.8598763.fig2.pdf>
Package pdftex.def Info: bmr50284/LocalTc.499.8598763.fig2.pdf  used on input l
ine 1227.
(pdftex.def)             Requested size: 97.71951pt x 111.13734pt.
<bmr50284/LocalTc.499.8598763.fig3.pdf, id=7192, 361.35pt x 216.81pt>
File: bmr50284/LocalTc.499.8598763.fig3.pdf Graphic file (type pdf)
<use bmr50284/LocalTc.499.8598763.fig3.pdf>
Package pdftex.def Info: bmr50284/LocalTc.499.8598763.fig3.pdf  used on input l
ine 1228.
(pdftex.def)             Requested size: 97.71951pt x 111.13734pt.
<bmr50284/LocalTc.499.8598763.fig4.pdf, id=7193, 361.35pt x 216.81pt>
File: bmr50284/LocalTc.499.8598763.fig4.pdf Graphic file (type pdf)
<use bmr50284/LocalTc.499.8598763.fig4.pdf>
Package pdftex.def Info: bmr50284/LocalTc.499.8598763.fig4.pdf  used on input l
ine 1229.
(pdftex.def)             Requested size: 97.71951pt x 111.13734pt.
<bmr50284/LocalTc.599.8821277.fig0.pdf, id=7194, 361.35pt x 216.81pt>
File: bmr50284/LocalTc.599.8821277.fig0.pdf Graphic file (type pdf)
<use bmr50284/LocalTc.599.8821277.fig0.pdf>
Package pdftex.def Info: bmr50284/LocalTc.599.8821277.fig0.pdf  used on input l
ine 1230.
(pdftex.def)             Requested size: 97.71951pt x 111.13734pt.
<bmr50284/LocalTc.599.8821277.fig1.pdf, id=7195, 361.35pt x 216.81pt>
File: bmr50284/LocalTc.599.8821277.fig1.pdf Graphic file (type pdf)
<use bmr50284/LocalTc.599.8821277.fig1.pdf>
Package pdftex.def Info: bmr50284/LocalTc.599.8821277.fig1.pdf  used on input l
ine 1231.
(pdftex.def)             Requested size: 97.71951pt x 111.13734pt.
<bmr50284/LocalTc.599.8821277.fig2.pdf, id=7196, 361.35pt x 216.81pt>
File: bmr50284/LocalTc.599.8821277.fig2.pdf Graphic file (type pdf)
<use bmr50284/LocalTc.599.8821277.fig2.pdf>
Package pdftex.def Info: bmr50284/LocalTc.599.8821277.fig2.pdf  used on input l
ine 1232.
(pdftex.def)             Requested size: 97.71951pt x 111.13734pt.
<bmr50284/LocalTc.599.8821277.fig3.pdf, id=7197, 361.35pt x 216.81pt>
File: bmr50284/LocalTc.599.8821277.fig3.pdf Graphic file (type pdf)
<use bmr50284/LocalTc.599.8821277.fig3.pdf>
Package pdftex.def Info: bmr50284/LocalTc.599.8821277.fig3.pdf  used on input l
ine 1233.
(pdftex.def)             Requested size: 97.71951pt x 111.13734pt.
<bmr50284/LocalTc.599.8821277.fig4.pdf, id=7198, 361.35pt x 216.81pt>
File: bmr50284/LocalTc.599.8821277.fig4.pdf Graphic file (type pdf)
<use bmr50284/LocalTc.599.8821277.fig4.pdf>
Package pdftex.def Info: bmr50284/LocalTc.599.8821277.fig4.pdf  used on input l
ine 1234.
(pdftex.def)             Requested size: 97.71951pt x 111.13734pt.

Overfull \hbox (13.78955pt too wide) in paragraph at lines 1220--1235
[] [] [] [] []
 []


Overfull \hbox (13.78955pt too wide) in paragraph at lines 1220--1235
[] [] [] [] []
 []


Overfull \hbox (13.78955pt too wide) in paragraph at lines 1220--1235
[] [] [] [] [] 
 []



[20 <./bmr5841/LocalTc.500.0.fig0.pdf> <./bmr5841/LocalTc.500.0.fig1.pdf

pdfTeX warning: pdflatex (file ./bmr5841/LocalTc.500.0.fig1.pdf): PDF inclusion
: multiple pdfs with page group included in a single page
> <./bmr5841/LocalTc.500.0.fig2.pdf

pdfTeX warning: pdflatex (file ./bmr5841/LocalTc.500.0.fig2.pdf): PDF inclusion
: multiple pdfs with page group included in a single page
> <./bmr5841/LocalTc.500.0.fig3.pdf

pdfTeX warning: pdflatex (file ./bmr5841/LocalTc.500.0.fig3.pdf): PDF inclusion
: multiple pdfs with page group included in a single page
> <./bmr5841/LocalTc.500.0.fig4.pdf

pdfTeX warning: pdflatex (file ./bmr5841/LocalTc.500.0.fig4.pdf): PDF inclusion
: multiple pdfs with page group included in a single page
> <./bmr6474/LocalTc.500.0.fig0.pdf

pdfTeX warning: pdflatex (file ./bmr6474/LocalTc.500.0.fig0.pdf): PDF inclusion
: multiple pdfs with page group included in a single page
> <./bmr6474/LocalTc.500.0.fig1.pdf

pdfTeX warning: pdflatex (file ./bmr6474/LocalTc.500.0.fig1.pdf): PDF inclusion
: multiple pdfs with page group included in a single page
> <./bmr6474/LocalTc.500.0.fig2.pdf

pdfTeX warning: pdflatex (file ./bmr6474/LocalTc.500.0.fig2.pdf): PDF inclusion
: multiple pdfs with page group included in a single page
> <./bmr6474/LocalTc.500.0.fig3.pdf

pdfTeX warning: pdflatex (file ./bmr6474/LocalTc.500.0.fig3.pdf): PDF inclusion
: multiple pdfs with page group included in a single page
> <./bmr6474/LocalTc.500.0.fig4.pdf

pdfTeX warning: pdflatex (file ./bmr6474/LocalTc.500.0.fig4.pdf): PDF inclusion
: multiple pdfs with page group included in a single page
>]
Overfull \hbox (0.96117pt too wide) in paragraph at lines 1246--1256
[]
 []


Underfull \hbox (badness 10000) in paragraph at lines 1246--1256

 []

<bmr27722/LocalTc.600.0.fig0.pdf, id=7475, 361.35pt x 216.81pt>
File: bmr27722/LocalTc.600.0.fig0.pdf Graphic file (type pdf)
<use bmr27722/LocalTc.600.0.fig0.pdf>
Package pdftex.def Info: bmr27722/LocalTc.600.0.fig0.pdf  used on input line 12
58.
(pdftex.def)             Requested size: 97.71951pt x 111.13734pt.
<bmr27722/LocalTc.600.0.fig1.pdf, id=7476, 361.35pt x 216.81pt>
File: bmr27722/LocalTc.600.0.fig1.pdf Graphic file (type pdf)
<use bmr27722/LocalTc.600.0.fig1.pdf>
Package pdftex.def Info: bmr27722/LocalTc.600.0.fig1.pdf  used on input line 12
59.
(pdftex.def)             Requested size: 97.71951pt x 111.13734pt.
<bmr27722/LocalTc.600.0.fig2.pdf, id=7477, 361.35pt x 216.81pt>
File: bmr27722/LocalTc.600.0.fig2.pdf Graphic file (type pdf)
<use bmr27722/LocalTc.600.0.fig2.pdf>
Package pdftex.def Info: bmr27722/LocalTc.600.0.fig2.pdf  used on input line 12
60.
(pdftex.def)             Requested size: 97.71951pt x 111.13734pt.
<bmr27722/LocalTc.600.0.fig3.pdf, id=7478, 361.35pt x 216.81pt>
File: bmr27722/LocalTc.600.0.fig3.pdf Graphic file (type pdf)
<use bmr27722/LocalTc.600.0.fig3.pdf>
Package pdftex.def Info: bmr27722/LocalTc.600.0.fig3.pdf  used on input line 12
61.
(pdftex.def)             Requested size: 97.71951pt x 111.13734pt.
<bmr27722/LocalTc.600.0.fig4.pdf, id=7479, 361.35pt x 216.81pt>
File: bmr27722/LocalTc.600.0.fig4.pdf Graphic file (type pdf)
<use bmr27722/LocalTc.600.0.fig4.pdf>
Package pdftex.def Info: bmr27722/LocalTc.600.0.fig4.pdf  used on input line 12
62.
(pdftex.def)             Requested size: 97.71951pt x 111.13734pt.
<bmr27722/LocalTc.499.26.fig0.pdf, id=7480, 361.35pt x 216.81pt>
File: bmr27722/LocalTc.499.26.fig0.pdf Graphic file (type pdf)
<use bmr27722/LocalTc.499.26.fig0.pdf>
Package pdftex.def Info: bmr27722/LocalTc.499.26.fig0.pdf  used on input line 1
263.
(pdftex.def)             Requested size: 97.71951pt x 111.13734pt.
<bmr27722/LocalTc.499.26.fig1.pdf, id=7481, 361.35pt x 216.81pt>
File: bmr27722/LocalTc.499.26.fig1.pdf Graphic file (type pdf)
<use bmr27722/LocalTc.499.26.fig1.pdf>
Package pdftex.def Info: bmr27722/LocalTc.499.26.fig1.pdf  used on input line 1
264.
(pdftex.def)             Requested size: 97.71951pt x 111.13734pt.
<bmr27722/LocalTc.499.26.fig2.pdf, id=7482, 361.35pt x 216.81pt>
File: bmr27722/LocalTc.499.26.fig2.pdf Graphic file (type pdf)
<use bmr27722/LocalTc.499.26.fig2.pdf>
Package pdftex.def Info: bmr27722/LocalTc.499.26.fig2.pdf  used on input line 1
265.
(pdftex.def)             Requested size: 97.71951pt x 111.13734pt.
<bmr27722/LocalTc.499.26.fig3.pdf, id=7483, 361.35pt x 216.81pt>
File: bmr27722/LocalTc.499.26.fig3.pdf Graphic file (type pdf)
<use bmr27722/LocalTc.499.26.fig3.pdf>
Package pdftex.def Info: bmr27722/LocalTc.499.26.fig3.pdf  used on input line 1
266.
(pdftex.def)             Requested size: 97.71951pt x 111.13734pt.
<bmr27722/LocalTc.499.26.fig4.pdf, id=7484, 361.35pt x 216.81pt>
File: bmr27722/LocalTc.499.26.fig4.pdf Graphic file (type pdf)
<use bmr27722/LocalTc.499.26.fig4.pdf>
Package pdftex.def Info: bmr27722/LocalTc.499.26.fig4.pdf  used on input line 1
267.
(pdftex.def)             Requested size: 97.71951pt x 111.13734pt.
<bmr27722/LocalTc.599.882.fig0.pdf, id=7485, 361.35pt x 216.81pt>
File: bmr27722/LocalTc.599.882.fig0.pdf Graphic file (type pdf)
<use bmr27722/LocalTc.599.882.fig0.pdf>
Package pdftex.def Info: bmr27722/LocalTc.599.882.fig0.pdf  used on input line 
1268.
(pdftex.def)             Requested size: 97.71951pt x 111.13734pt.
<bmr27722/LocalTc.599.882.fig1.pdf, id=7486, 361.35pt x 216.81pt>
File: bmr27722/LocalTc.599.882.fig1.pdf Graphic file (type pdf)
<use bmr27722/LocalTc.599.882.fig1.pdf>
Package pdftex.def Info: bmr27722/LocalTc.599.882.fig1.pdf  used on input line 
1269.
(pdftex.def)             Requested size: 97.71951pt x 111.13734pt.
<bmr27722/LocalTc.599.882.fig2.pdf, id=7487, 361.35pt x 216.81pt>
File: bmr27722/LocalTc.599.882.fig2.pdf Graphic file (type pdf)
<use bmr27722/LocalTc.599.882.fig2.pdf>
Package pdftex.def Info: bmr27722/LocalTc.599.882.fig2.pdf  used on input line 
1270.
(pdftex.def)             Requested size: 97.71951pt x 111.13734pt.
<bmr27722/LocalTc.599.882.fig3.pdf, id=7488, 361.35pt x 216.81pt>
File: bmr27722/LocalTc.599.882.fig3.pdf Graphic file (type pdf)
<use bmr27722/LocalTc.599.882.fig3.pdf>
Package pdftex.def Info: bmr27722/LocalTc.599.882.fig3.pdf  used on input line 
1271.
(pdftex.def)             Requested size: 97.71951pt x 111.13734pt.
<bmr27722/LocalTc.599.882.fig4.pdf, id=7489, 361.35pt x 216.81pt>
File: bmr27722/LocalTc.599.882.fig4.pdf Graphic file (type pdf)
<use bmr27722/LocalTc.599.882.fig4.pdf>
Package pdftex.def Info: bmr27722/LocalTc.599.882.fig4.pdf  used on input line 
1272.
(pdftex.def)             Requested size: 97.71951pt x 111.13734pt.

Overfull \hbox (13.78955pt too wide) in paragraph at lines 1258--1273
[] [] [] [] []
 []


Overfull \hbox (13.78955pt too wide) in paragraph at lines 1258--1273
[] [] [] [] []
 []


Overfull \hbox (13.78955pt too wide) in paragraph at lines 1258--1273
[] [] [] [] [] 
 []



[21 <./bmr50284/LocalTc.700.0.fig0.pdf> <./bmr50284/LocalTc.700.0.fig1.pdf

pdfTeX warning: pdflatex (file ./bmr50284/LocalTc.700.0.fig1.pdf): PDF inclusio
n: multiple pdfs with page group included in a single page
> <./bmr50284/LocalTc.700.0.fig2.pdf

pdfTeX warning: pdflatex (file ./bmr50284/LocalTc.700.0.fig2.pdf): PDF inclusio
n: multiple pdfs with page group included in a single page
> <./bmr50284/LocalTc.700.0.fig3.pdf

pdfTeX warning: pdflatex (file ./bmr50284/LocalTc.700.0.fig3.pdf): PDF inclusio
n: multiple pdfs with page group included in a single page
> <./bmr50284/LocalTc.700.0.fig4.pdf

pdfTeX warning: pdflatex (file ./bmr50284/LocalTc.700.0.fig4.pdf): PDF inclusio
n: multiple pdfs with page group included in a single page
> <./bmr50284/LocalTc.499.8598763.fig0.pdf

pdfTeX warning: pdflatex (file ./bmr50284/LocalTc.499.8598763.fig0.pdf): PDF in
clusion: multiple pdfs with page group included in a single page
> <./bmr50284/LocalTc.499.8598763.fig1.pdf

pdfTeX warning: pdflatex (file ./bmr50284/LocalTc.499.8598763.fig1.pdf): PDF in
clusion: multiple pdfs with page group included in a single page
> <./bmr50284/LocalTc.499.8598763.fig2.pdf

pdfTeX warning: pdflatex (file ./bmr50284/LocalTc.499.8598763.fig2.pdf): PDF in
clusion: multiple pdfs with page group included in a single page
> <./bmr50284/LocalTc.499.8598763.fig3.pdf

pdfTeX warning: pdflatex (file ./bmr50284/LocalTc.499.8598763.fig3.pdf): PDF in
clusion: multiple pdfs with page group included in a single page
> <./bmr50284/LocalTc.499.8598763.fig4.pdf

pdfTeX warning: pdflatex (file ./bmr50284/LocalTc.499.8598763.fig4.pdf): PDF in
clusion: multiple pdfs with page group included in a single page
> <./bmr50284/LocalTc.599.8821277.fig0.pdf

pdfTeX warning: pdflatex (file ./bmr50284/LocalTc.599.8821277.fig0.pdf): PDF in
clusion: multiple pdfs with page group included in a single page
> <./bmr50284/LocalTc.599.8821277.fig1.pdf

pdfTeX warning: pdflatex (file ./bmr50284/LocalTc.599.8821277.fig1.pdf): PDF in
clusion: multiple pdfs with page group included in a single page
> <./bmr50284/LocalTc.599.8821277.fig2.pdf

pdfTeX warning: pdflatex (file ./bmr50284/LocalTc.599.8821277.fig2.pdf): PDF in
clusion: multiple pdfs with page group included in a single page
> <./bmr50284/LocalTc.599.8821277.fig3.pdf

pdfTeX warning: pdflatex (file ./bmr50284/LocalTc.599.8821277.fig3.pdf): PDF in
clusion: multiple pdfs with page group included in a single page
> <./bmr50284/LocalTc.599.8821277.fig4.pdf

pdfTeX warning: pdflatex (file ./bmr50284/LocalTc.599.8821277.fig4.pdf): PDF in
clusion: multiple pdfs with page group included in a single page
> <./bmr27722/LocalTc.600.0.fig0.pdf

pdfTeX warning: pdflatex (file ./bmr27722/LocalTc.600.0.fig0.pdf): PDF inclusio
n: multiple pdfs with page group included in a single page
> <./bmr27722/LocalTc.600.0.fig1.pdf

pdfTeX warning: pdflatex (file ./bmr27722/LocalTc.600.0.fig1.pdf): PDF inclusio
n: multiple pdfs with page group included in a single page
> <./bmr27722/LocalTc.600.0.fig2.pdf

pdfTeX warning: pdflatex (file ./bmr27722/LocalTc.600.0.fig2.pdf): PDF inclusio
n: multiple pdfs with page group included in a single page
> <./bmr27722/LocalTc.600.0.fig3.pdf

pdfTeX warning: pdflatex (file ./bmr27722/LocalTc.600.0.fig3.pdf): PDF inclusio
n: multiple pdfs with page group included in a single page
> <./bmr27722/LocalTc.600.0.fig4.pdf

pdfTeX warning: pdflatex (file ./bmr27722/LocalTc.600.0.fig4.pdf): PDF inclusio
n: multiple pdfs with page group included in a single page
>]
Overfull \hbox (5.58614pt too wide) in paragraph at lines 1284--1294
[]
 []


Underfull \hbox (badness 10000) in paragraph at lines 1284--1294

 []

<bmr27721/LocalTc.800.0.fig0.pdf, id=8038, 361.35pt x 216.81pt>
File: bmr27721/LocalTc.800.0.fig0.pdf Graphic file (type pdf)
<use bmr27721/LocalTc.800.0.fig0.pdf>
Package pdftex.def Info: bmr27721/LocalTc.800.0.fig0.pdf  used on input line 12
96.
(pdftex.def)             Requested size: 97.71951pt x 111.13734pt.
<bmr27721/LocalTc.800.0.fig1.pdf, id=8039, 361.35pt x 216.81pt>
File: bmr27721/LocalTc.800.0.fig1.pdf Graphic file (type pdf)
<use bmr27721/LocalTc.800.0.fig1.pdf>
Package pdftex.def Info: bmr27721/LocalTc.800.0.fig1.pdf  used on input line 12
97.
(pdftex.def)             Requested size: 97.71951pt x 111.13734pt.
<bmr27721/LocalTc.800.0.fig2.pdf, id=8040, 361.35pt x 216.81pt>
File: bmr27721/LocalTc.800.0.fig2.pdf Graphic file (type pdf)
<use bmr27721/LocalTc.800.0.fig2.pdf>
Package pdftex.def Info: bmr27721/LocalTc.800.0.fig2.pdf  used on input line 12
98.
(pdftex.def)             Requested size: 97.71951pt x 111.13734pt.
<bmr27721/LocalTc.800.0.fig3.pdf, id=8041, 361.35pt x 216.81pt>
File: bmr27721/LocalTc.800.0.fig3.pdf Graphic file (type pdf)
<use bmr27721/LocalTc.800.0.fig3.pdf>
Package pdftex.def Info: bmr27721/LocalTc.800.0.fig3.pdf  used on input line 12
99.
(pdftex.def)             Requested size: 97.71951pt x 111.13734pt.
<bmr27721/LocalTc.800.0.fig4.pdf, id=8042, 361.35pt x 216.81pt>
File: bmr27721/LocalTc.800.0.fig4.pdf Graphic file (type pdf)
<use bmr27721/LocalTc.800.0.fig4.pdf>
Package pdftex.def Info: bmr27721/LocalTc.800.0.fig4.pdf  used on input line 13
00.
(pdftex.def)             Requested size: 97.71951pt x 111.13734pt.
<bmr27721/LocalTc.499.26.fig0.pdf, id=8043, 361.35pt x 216.81pt>
File: bmr27721/LocalTc.499.26.fig0.pdf Graphic file (type pdf)
<use bmr27721/LocalTc.499.26.fig0.pdf>
Package pdftex.def Info: bmr27721/LocalTc.499.26.fig0.pdf  used on input line 1
301.
(pdftex.def)             Requested size: 97.71951pt x 111.13734pt.
<bmr27721/LocalTc.499.26.fig1.pdf, id=8044, 361.35pt x 216.81pt>
File: bmr27721/LocalTc.499.26.fig1.pdf Graphic file (type pdf)
<use bmr27721/LocalTc.499.26.fig1.pdf>
Package pdftex.def Info: bmr27721/LocalTc.499.26.fig1.pdf  used on input line 1
302.
(pdftex.def)             Requested size: 97.71951pt x 111.13734pt.
<bmr27721/LocalTc.499.26.fig2.pdf, id=8045, 361.35pt x 216.81pt>
File: bmr27721/LocalTc.499.26.fig2.pdf Graphic file (type pdf)
<use bmr27721/LocalTc.499.26.fig2.pdf>
Package pdftex.def Info: bmr27721/LocalTc.499.26.fig2.pdf  used on input line 1
303.
(pdftex.def)             Requested size: 97.71951pt x 111.13734pt.
<bmr27721/LocalTc.499.26.fig3.pdf, id=8046, 361.35pt x 216.81pt>
File: bmr27721/LocalTc.499.26.fig3.pdf Graphic file (type pdf)
<use bmr27721/LocalTc.499.26.fig3.pdf>
Package pdftex.def Info: bmr27721/LocalTc.499.26.fig3.pdf  used on input line 1
304.
(pdftex.def)             Requested size: 97.71951pt x 111.13734pt.
<bmr27721/LocalTc.499.26.fig4.pdf, id=8047, 361.35pt x 216.81pt>
File: bmr27721/LocalTc.499.26.fig4.pdf Graphic file (type pdf)
<use bmr27721/LocalTc.499.26.fig4.pdf>
Package pdftex.def Info: bmr27721/LocalTc.499.26.fig4.pdf  used on input line 1
305.
(pdftex.def)             Requested size: 97.71951pt x 111.13734pt.
<bmr27721/LocalTc.599.882.fig0.pdf, id=8048, 361.35pt x 216.81pt>
File: bmr27721/LocalTc.599.882.fig0.pdf Graphic file (type pdf)
<use bmr27721/LocalTc.599.882.fig0.pdf>
Package pdftex.def Info: bmr27721/LocalTc.599.882.fig0.pdf  used on input line 
1306.
(pdftex.def)             Requested size: 97.71951pt x 111.13734pt.
<bmr27721/LocalTc.599.882.fig1.pdf, id=8049, 361.35pt x 216.81pt>
File: bmr27721/LocalTc.599.882.fig1.pdf Graphic file (type pdf)
<use bmr27721/LocalTc.599.882.fig1.pdf>
Package pdftex.def Info: bmr27721/LocalTc.599.882.fig1.pdf  used on input line 
1307.
(pdftex.def)             Requested size: 97.71951pt x 111.13734pt.
<bmr27721/LocalTc.599.882.fig2.pdf, id=8050, 361.35pt x 216.81pt>
File: bmr27721/LocalTc.599.882.fig2.pdf Graphic file (type pdf)
<use bmr27721/LocalTc.599.882.fig2.pdf>
Package pdftex.def Info: bmr27721/LocalTc.599.882.fig2.pdf  used on input line 
1308.
(pdftex.def)             Requested size: 97.71951pt x 111.13734pt.
<bmr27721/LocalTc.599.882.fig3.pdf, id=8051, 361.35pt x 216.81pt>
File: bmr27721/LocalTc.599.882.fig3.pdf Graphic file (type pdf)
<use bmr27721/LocalTc.599.882.fig3.pdf>
Package pdftex.def Info: bmr27721/LocalTc.599.882.fig3.pdf  used on input line 
1309.
(pdftex.def)             Requested size: 97.71951pt x 111.13734pt.
<bmr27721/LocalTc.599.882.fig4.pdf, id=8052, 361.35pt x 216.81pt>
File: bmr27721/LocalTc.599.882.fig4.pdf Graphic file (type pdf)
<use bmr27721/LocalTc.599.882.fig4.pdf>
Package pdftex.def Info: bmr27721/LocalTc.599.882.fig4.pdf  used on input line 
1310.
(pdftex.def)             Requested size: 97.71951pt x 111.13734pt.

Overfull \hbox (13.78955pt too wide) in paragraph at lines 1296--1311
[] [] [] [] []
 []


Overfull \hbox (13.78955pt too wide) in paragraph at lines 1296--1311
[] [] [] [] []
 []


Overfull \hbox (13.78955pt too wide) in paragraph at lines 1296--1311
[] [] [] [] [] 
 []



[22 <./bmr27722/LocalTc.499.26.fig0.pdf> <./bmr27722/LocalTc.499.26.fig1.pdf

pdfTeX warning: pdflatex (file ./bmr27722/LocalTc.499.26.fig1.pdf): PDF inclusi
on: multiple pdfs with page group included in a single page
> <./bmr27722/LocalTc.499.26.fig2.pdf

pdfTeX warning: pdflatex (file ./bmr27722/LocalTc.499.26.fig2.pdf): PDF inclusi
on: multiple pdfs with page group included in a single page
> <./bmr27722/LocalTc.499.26.fig3.pdf

pdfTeX warning: pdflatex (file ./bmr27722/LocalTc.499.26.fig3.pdf): PDF inclusi
on: multiple pdfs with page group included in a single page
> <./bmr27722/LocalTc.499.26.fig4.pdf

pdfTeX warning: pdflatex (file ./bmr27722/LocalTc.499.26.fig4.pdf): PDF inclusi
on: multiple pdfs with page group included in a single page
> <./bmr27722/LocalTc.599.882.fig0.pdf

pdfTeX warning: pdflatex (file ./bmr27722/LocalTc.599.882.fig0.pdf): PDF inclus
ion: multiple pdfs with page group included in a single page
> <./bmr27722/LocalTc.599.882.fig1.pdf

pdfTeX warning: pdflatex (file ./bmr27722/LocalTc.599.882.fig1.pdf): PDF inclus
ion: multiple pdfs with page group included in a single page
> <./bmr27722/LocalTc.599.882.fig2.pdf

pdfTeX warning: pdflatex (file ./bmr27722/LocalTc.599.882.fig2.pdf): PDF inclus
ion: multiple pdfs with page group included in a single page
> <./bmr27722/LocalTc.599.882.fig3.pdf

pdfTeX warning: pdflatex (file ./bmr27722/LocalTc.599.882.fig3.pdf): PDF inclus
ion: multiple pdfs with page group included in a single page
> <./bmr27722/LocalTc.599.882.fig4.pdf

pdfTeX warning: pdflatex (file ./bmr27722/LocalTc.599.882.fig4.pdf): PDF inclus
ion: multiple pdfs with page group included in a single page
> <./bmr27721/LocalTc.800.0.fig0.pdf

pdfTeX warning: pdflatex (file ./bmr27721/LocalTc.800.0.fig0.pdf): PDF inclusio
n: multiple pdfs with page group included in a single page
> <./bmr27721/LocalTc.800.0.fig1.pdf

pdfTeX warning: pdflatex (file ./bmr27721/LocalTc.800.0.fig1.pdf): PDF inclusio
n: multiple pdfs with page group included in a single page
> <./bmr27721/LocalTc.800.0.fig2.pdf

pdfTeX warning: pdflatex (file ./bmr27721/LocalTc.800.0.fig2.pdf): PDF inclusio
n: multiple pdfs with page group included in a single page
> <./bmr27721/LocalTc.800.0.fig3.pdf

pdfTeX warning: pdflatex (file ./bmr27721/LocalTc.800.0.fig3.pdf): PDF inclusio
n: multiple pdfs with page group included in a single page
> <./bmr27721/LocalTc.800.0.fig4.pdf

pdfTeX warning: pdflatex (file ./bmr27721/LocalTc.800.0.fig4.pdf): PDF inclusio
n: multiple pdfs with page group included in a single page
> <./bmr27721/LocalTc.499.26.fig0.pdf

pdfTeX warning: pdflatex (file ./bmr27721/LocalTc.499.26.fig0.pdf): PDF inclusi
on: multiple pdfs with page group included in a single page
> <./bmr27721/LocalTc.499.26.fig1.pdf

pdfTeX warning: pdflatex (file ./bmr27721/LocalTc.499.26.fig1.pdf): PDF inclusi
on: multiple pdfs with page group included in a single page
> <./bmr27721/LocalTc.499.26.fig2.pdf

pdfTeX warning: pdflatex (file ./bmr27721/LocalTc.499.26.fig2.pdf): PDF inclusi
on: multiple pdfs with page group included in a single page
> <./bmr27721/LocalTc.499.26.fig3.pdf

pdfTeX warning: pdflatex (file ./bmr27721/LocalTc.499.26.fig3.pdf): PDF inclusi
on: multiple pdfs with page group included in a single page
> <./bmr27721/LocalTc.499.26.fig4.pdf

pdfTeX warning: pdflatex (file ./bmr27721/LocalTc.499.26.fig4.pdf): PDF inclusi
on: multiple pdfs with page group included in a single page
>]
Overfull \hbox (0.96117pt too wide) in paragraph at lines 1322--1332
[]
 []


Underfull \hbox (badness 10000) in paragraph at lines 1322--1332

 []

<bmr50283/LocalTc.600.0.fig0.pdf, id=8600, 361.35pt x 216.81pt>
File: bmr50283/LocalTc.600.0.fig0.pdf Graphic file (type pdf)
<use bmr50283/LocalTc.600.0.fig0.pdf>
Package pdftex.def Info: bmr50283/LocalTc.600.0.fig0.pdf  used on input line 13
34.
(pdftex.def)             Requested size: 97.71951pt x 111.13734pt.
<bmr50283/LocalTc.600.0.fig1.pdf, id=8601, 361.35pt x 216.81pt>
File: bmr50283/LocalTc.600.0.fig1.pdf Graphic file (type pdf)
<use bmr50283/LocalTc.600.0.fig1.pdf>
Package pdftex.def Info: bmr50283/LocalTc.600.0.fig1.pdf  used on input line 13
35.
(pdftex.def)             Requested size: 97.71951pt x 111.13734pt.
<bmr50283/LocalTc.600.0.fig2.pdf, id=8602, 361.35pt x 216.81pt>
File: bmr50283/LocalTc.600.0.fig2.pdf Graphic file (type pdf)
<use bmr50283/LocalTc.600.0.fig2.pdf>
Package pdftex.def Info: bmr50283/LocalTc.600.0.fig2.pdf  used on input line 13
36.
(pdftex.def)             Requested size: 97.71951pt x 111.13734pt.
<bmr50283/LocalTc.600.0.fig3.pdf, id=8603, 361.35pt x 216.81pt>
File: bmr50283/LocalTc.600.0.fig3.pdf Graphic file (type pdf)
<use bmr50283/LocalTc.600.0.fig3.pdf>
Package pdftex.def Info: bmr50283/LocalTc.600.0.fig3.pdf  used on input line 13
37.
(pdftex.def)             Requested size: 97.71951pt x 111.13734pt.
<bmr50283/LocalTc.600.0.fig4.pdf, id=8604, 361.35pt x 216.81pt>
File: bmr50283/LocalTc.600.0.fig4.pdf Graphic file (type pdf)
<use bmr50283/LocalTc.600.0.fig4.pdf>
Package pdftex.def Info: bmr50283/LocalTc.600.0.fig4.pdf  used on input line 13
38.
(pdftex.def)             Requested size: 97.71951pt x 111.13734pt.
<bmr50283/LocalTc.499.8598763.fig0.pdf, id=8605, 361.35pt x 216.81pt>
File: bmr50283/LocalTc.499.8598763.fig0.pdf Graphic file (type pdf)
<use bmr50283/LocalTc.499.8598763.fig0.pdf>
Package pdftex.def Info: bmr50283/LocalTc.499.8598763.fig0.pdf  used on input l
ine 1339.
(pdftex.def)             Requested size: 97.71951pt x 111.13734pt.
<bmr50283/LocalTc.499.8598763.fig1.pdf, id=8606, 361.35pt x 216.81pt>
File: bmr50283/LocalTc.499.8598763.fig1.pdf Graphic file (type pdf)
<use bmr50283/LocalTc.499.8598763.fig1.pdf>
Package pdftex.def Info: bmr50283/LocalTc.499.8598763.fig1.pdf  used on input l
ine 1340.
(pdftex.def)             Requested size: 97.71951pt x 111.13734pt.
<bmr50283/LocalTc.499.8598763.fig2.pdf, id=8607, 361.35pt x 216.81pt>
File: bmr50283/LocalTc.499.8598763.fig2.pdf Graphic file (type pdf)
<use bmr50283/LocalTc.499.8598763.fig2.pdf>
Package pdftex.def Info: bmr50283/LocalTc.499.8598763.fig2.pdf  used on input l
ine 1341.
(pdftex.def)             Requested size: 97.71951pt x 111.13734pt.
<bmr50283/LocalTc.499.8598763.fig3.pdf, id=8608, 361.35pt x 216.81pt>
File: bmr50283/LocalTc.499.8598763.fig3.pdf Graphic file (type pdf)
<use bmr50283/LocalTc.499.8598763.fig3.pdf>
Package pdftex.def Info: bmr50283/LocalTc.499.8598763.fig3.pdf  used on input l
ine 1342.
(pdftex.def)             Requested size: 97.71951pt x 111.13734pt.
<bmr50283/LocalTc.499.8598763.fig4.pdf, id=8609, 361.35pt x 216.81pt>
File: bmr50283/LocalTc.499.8598763.fig4.pdf Graphic file (type pdf)
<use bmr50283/LocalTc.499.8598763.fig4.pdf>
Package pdftex.def Info: bmr50283/LocalTc.499.8598763.fig4.pdf  used on input l
ine 1343.
(pdftex.def)             Requested size: 97.71951pt x 111.13734pt.
<bmr50283/LocalTc.599.8821277.fig0.pdf, id=8610, 361.35pt x 216.81pt>
File: bmr50283/LocalTc.599.8821277.fig0.pdf Graphic file (type pdf)
<use bmr50283/LocalTc.599.8821277.fig0.pdf>
Package pdftex.def Info: bmr50283/LocalTc.599.8821277.fig0.pdf  used on input l
ine 1344.
(pdftex.def)             Requested size: 97.71951pt x 111.13734pt.
<bmr50283/LocalTc.599.8821277.fig1.pdf, id=8611, 361.35pt x 216.81pt>
File: bmr50283/LocalTc.599.8821277.fig1.pdf Graphic file (type pdf)
<use bmr50283/LocalTc.599.8821277.fig1.pdf>
Package pdftex.def Info: bmr50283/LocalTc.599.8821277.fig1.pdf  used on input l
ine 1345.
(pdftex.def)             Requested size: 97.71951pt x 111.13734pt.
<bmr50283/LocalTc.599.8821277.fig2.pdf, id=8612, 361.35pt x 216.81pt>
File: bmr50283/LocalTc.599.8821277.fig2.pdf Graphic file (type pdf)
<use bmr50283/LocalTc.599.8821277.fig2.pdf>
Package pdftex.def Info: bmr50283/LocalTc.599.8821277.fig2.pdf  used on input l
ine 1346.
(pdftex.def)             Requested size: 97.71951pt x 111.13734pt.
<bmr50283/LocalTc.599.8821277.fig3.pdf, id=8613, 361.35pt x 216.81pt>
File: bmr50283/LocalTc.599.8821277.fig3.pdf Graphic file (type pdf)
<use bmr50283/LocalTc.599.8821277.fig3.pdf>
Package pdftex.def Info: bmr50283/LocalTc.599.8821277.fig3.pdf  used on input l
ine 1347.
(pdftex.def)             Requested size: 97.71951pt x 111.13734pt.
<bmr50283/LocalTc.599.8821277.fig4.pdf, id=8614, 361.35pt x 216.81pt>
File: bmr50283/LocalTc.599.8821277.fig4.pdf Graphic file (type pdf)
<use bmr50283/LocalTc.599.8821277.fig4.pdf>
Package pdftex.def Info: bmr50283/LocalTc.599.8821277.fig4.pdf  used on input l
ine 1348.
(pdftex.def)             Requested size: 97.71951pt x 111.13734pt.

Overfull \hbox (13.78955pt too wide) in paragraph at lines 1334--1349
[] [] [] [] []
 []


Overfull \hbox (13.78955pt too wide) in paragraph at lines 1334--1349
[] [] [] [] []
 []


Overfull \hbox (13.78955pt too wide) in paragraph at lines 1334--1349
[] [] [] [] [] 
 []


Overfull \hbox (0.96117pt too wide) in paragraph at lines 1360--1370
[]
 []


Underfull \hbox (badness 10000) in paragraph at lines 1360--1370

 []



[23 <./bmr27721/LocalTc.599.882.fig0.pdf> <./bmr27721/LocalTc.599.882.fig1.pdf

pdfTeX warning: pdflatex (file ./bmr27721/LocalTc.599.882.fig1.pdf): PDF inclus
ion: multiple pdfs with page group included in a single page
> <./bmr27721/LocalTc.599.882.fig2.pdf

pdfTeX warning: pdflatex (file ./bmr27721/LocalTc.599.882.fig2.pdf): PDF inclus
ion: multiple pdfs with page group included in a single page
> <./bmr27721/LocalTc.599.882.fig3.pdf

pdfTeX warning: pdflatex (file ./bmr27721/LocalTc.599.882.fig3.pdf): PDF inclus
ion: multiple pdfs with page group included in a single page
> <./bmr27721/LocalTc.599.882.fig4.pdf

pdfTeX warning: pdflatex (file ./bmr27721/LocalTc.599.882.fig4.pdf): PDF inclus
ion: multiple pdfs with page group included in a single page
> <./bmr50283/LocalTc.600.0.fig0.pdf

pdfTeX warning: pdflatex (file ./bmr50283/LocalTc.600.0.fig0.pdf): PDF inclusio
n: multiple pdfs with page group included in a single page
> <./bmr50283/LocalTc.600.0.fig1.pdf

pdfTeX warning: pdflatex (file ./bmr50283/LocalTc.600.0.fig1.pdf): PDF inclusio
n: multiple pdfs with page group included in a single page
> <./bmr50283/LocalTc.600.0.fig2.pdf

pdfTeX warning: pdflatex (file ./bmr50283/LocalTc.600.0.fig2.pdf): PDF inclusio
n: multiple pdfs with page group included in a single page
> <./bmr50283/LocalTc.600.0.fig3.pdf

pdfTeX warning: pdflatex (file ./bmr50283/LocalTc.600.0.fig3.pdf): PDF inclusio
n: multiple pdfs with page group included in a single page
> <./bmr50283/LocalTc.600.0.fig4.pdf

pdfTeX warning: pdflatex (file ./bmr50283/LocalTc.600.0.fig4.pdf): PDF inclusio
n: multiple pdfs with page group included in a single page
> <./bmr50283/LocalTc.499.8598763.fig0.pdf

pdfTeX warning: pdflatex (file ./bmr50283/LocalTc.499.8598763.fig0.pdf): PDF in
clusion: multiple pdfs with page group included in a single page
> <./bmr50283/LocalTc.499.8598763.fig1.pdf

pdfTeX warning: pdflatex (file ./bmr50283/LocalTc.499.8598763.fig1.pdf): PDF in
clusion: multiple pdfs with page group included in a single page
> <./bmr50283/LocalTc.499.8598763.fig2.pdf

pdfTeX warning: pdflatex (file ./bmr50283/LocalTc.499.8598763.fig2.pdf): PDF in
clusion: multiple pdfs with page group included in a single page
> <./bmr50283/LocalTc.499.8598763.fig3.pdf

pdfTeX warning: pdflatex (file ./bmr50283/LocalTc.499.8598763.fig3.pdf): PDF in
clusion: multiple pdfs with page group included in a single page
> <./bmr50283/LocalTc.499.8598763.fig4.pdf

pdfTeX warning: pdflatex (file ./bmr50283/LocalTc.499.8598763.fig4.pdf): PDF in
clusion: multiple pdfs with page group included in a single page
> <./bmr50283/LocalTc.599.8821277.fig0.pdf

pdfTeX warning: pdflatex (file ./bmr50283/LocalTc.599.8821277.fig0.pdf): PDF in
clusion: multiple pdfs with page group included in a single page
> <./bmr50283/LocalTc.599.8821277.fig1.pdf

pdfTeX warning: pdflatex (file ./bmr50283/LocalTc.599.8821277.fig1.pdf): PDF in
clusion: multiple pdfs with page group included in a single page
> <./bmr50283/LocalTc.599.8821277.fig2.pdf

pdfTeX warning: pdflatex (file ./bmr50283/LocalTc.599.8821277.fig2.pdf): PDF in
clusion: multiple pdfs with page group included in a single page
> <./bmr50283/LocalTc.599.8821277.fig3.pdf

pdfTeX warning: pdflatex (file ./bmr50283/LocalTc.599.8821277.fig3.pdf): PDF in
clusion: multiple pdfs with page group included in a single page
> <./bmr50283/LocalTc.599.8821277.fig4.pdf

pdfTeX warning: pdflatex (file ./bmr50283/LocalTc.599.8821277.fig4.pdf): PDF in
clusion: multiple pdfs with page group included in a single page
>]
<bmr50285/LocalTc.500.0.fig0.pdf, id=9163, 361.35pt x 216.81pt>
File: bmr50285/LocalTc.500.0.fig0.pdf Graphic file (type pdf)
<use bmr50285/LocalTc.500.0.fig0.pdf>
Package pdftex.def Info: bmr50285/LocalTc.500.0.fig0.pdf  used on input line 13
72.
(pdftex.def)             Requested size: 97.71951pt x 111.13734pt.
<bmr50285/LocalTc.500.0.fig1.pdf, id=9164, 361.35pt x 216.81pt>
File: bmr50285/LocalTc.500.0.fig1.pdf Graphic file (type pdf)
<use bmr50285/LocalTc.500.0.fig1.pdf>
Package pdftex.def Info: bmr50285/LocalTc.500.0.fig1.pdf  used on input line 13
73.
(pdftex.def)             Requested size: 97.71951pt x 111.13734pt.
<bmr50285/LocalTc.500.0.fig2.pdf, id=9165, 361.35pt x 216.81pt>
File: bmr50285/LocalTc.500.0.fig2.pdf Graphic file (type pdf)
<use bmr50285/LocalTc.500.0.fig2.pdf>
Package pdftex.def Info: bmr50285/LocalTc.500.0.fig2.pdf  used on input line 13
74.
(pdftex.def)             Requested size: 97.71951pt x 111.13734pt.
<bmr50285/LocalTc.500.0.fig3.pdf, id=9166, 361.35pt x 216.81pt>
File: bmr50285/LocalTc.500.0.fig3.pdf Graphic file (type pdf)
<use bmr50285/LocalTc.500.0.fig3.pdf>
Package pdftex.def Info: bmr50285/LocalTc.500.0.fig3.pdf  used on input line 13
75.
(pdftex.def)             Requested size: 97.71951pt x 111.13734pt.
<bmr50285/LocalTc.500.0.fig4.pdf, id=9167, 361.35pt x 216.81pt>
File: bmr50285/LocalTc.500.0.fig4.pdf Graphic file (type pdf)
<use bmr50285/LocalTc.500.0.fig4.pdf>
Package pdftex.def Info: bmr50285/LocalTc.500.0.fig4.pdf  used on input line 13
76.
(pdftex.def)             Requested size: 97.71951pt x 111.13734pt.
<bmr50285/LocalTc.499.8598763.fig0.pdf, id=9168, 361.35pt x 216.81pt>
File: bmr50285/LocalTc.499.8598763.fig0.pdf Graphic file (type pdf)
<use bmr50285/LocalTc.499.8598763.fig0.pdf>
Package pdftex.def Info: bmr50285/LocalTc.499.8598763.fig0.pdf  used on input l
ine 1377.
(pdftex.def)             Requested size: 97.71951pt x 111.13734pt.
<bmr50285/LocalTc.499.8598763.fig1.pdf, id=9169, 361.35pt x 216.81pt>
File: bmr50285/LocalTc.499.8598763.fig1.pdf Graphic file (type pdf)
<use bmr50285/LocalTc.499.8598763.fig1.pdf>
Package pdftex.def Info: bmr50285/LocalTc.499.8598763.fig1.pdf  used on input l
ine 1378.
(pdftex.def)             Requested size: 97.71951pt x 111.13734pt.
<bmr50285/LocalTc.499.8598763.fig2.pdf, id=9170, 361.35pt x 216.81pt>
File: bmr50285/LocalTc.499.8598763.fig2.pdf Graphic file (type pdf)
<use bmr50285/LocalTc.499.8598763.fig2.pdf>
Package pdftex.def Info: bmr50285/LocalTc.499.8598763.fig2.pdf  used on input l
ine 1379.
(pdftex.def)             Requested size: 97.71951pt x 111.13734pt.
<bmr50285/LocalTc.499.8598763.fig3.pdf, id=9171, 361.35pt x 216.81pt>
File: bmr50285/LocalTc.499.8598763.fig3.pdf Graphic file (type pdf)
<use bmr50285/LocalTc.499.8598763.fig3.pdf>
Package pdftex.def Info: bmr50285/LocalTc.499.8598763.fig3.pdf  used on input l
ine 1380.
(pdftex.def)             Requested size: 97.71951pt x 111.13734pt.
<bmr50285/LocalTc.499.8598763.fig4.pdf, id=9172, 361.35pt x 216.81pt>
File: bmr50285/LocalTc.499.8598763.fig4.pdf Graphic file (type pdf)
<use bmr50285/LocalTc.499.8598763.fig4.pdf>
Package pdftex.def Info: bmr50285/LocalTc.499.8598763.fig4.pdf  used on input l
ine 1381.
(pdftex.def)             Requested size: 97.71951pt x 111.13734pt.
<bmr50285/LocalTc.599.8821277.fig0.pdf, id=9173, 361.35pt x 216.81pt>
File: bmr50285/LocalTc.599.8821277.fig0.pdf Graphic file (type pdf)
<use bmr50285/LocalTc.599.8821277.fig0.pdf>
Package pdftex.def Info: bmr50285/LocalTc.599.8821277.fig0.pdf  used on input l
ine 1382.
(pdftex.def)             Requested size: 97.71951pt x 111.13734pt.
<bmr50285/LocalTc.599.8821277.fig1.pdf, id=9174, 361.35pt x 216.81pt>
File: bmr50285/LocalTc.599.8821277.fig1.pdf Graphic file (type pdf)
<use bmr50285/LocalTc.599.8821277.fig1.pdf>
Package pdftex.def Info: bmr50285/LocalTc.599.8821277.fig1.pdf  used on input l
ine 1383.
(pdftex.def)             Requested size: 97.71951pt x 111.13734pt.
<bmr50285/LocalTc.599.8821277.fig2.pdf, id=9175, 361.35pt x 216.81pt>
File: bmr50285/LocalTc.599.8821277.fig2.pdf Graphic file (type pdf)
<use bmr50285/LocalTc.599.8821277.fig2.pdf>
Package pdftex.def Info: bmr50285/LocalTc.599.8821277.fig2.pdf  used on input l
ine 1384.
(pdftex.def)             Requested size: 97.71951pt x 111.13734pt.
<bmr50285/LocalTc.599.8821277.fig3.pdf, id=9176, 361.35pt x 216.81pt>
File: bmr50285/LocalTc.599.8821277.fig3.pdf Graphic file (type pdf)
<use bmr50285/LocalTc.599.8821277.fig3.pdf>
Package pdftex.def Info: bmr50285/LocalTc.599.8821277.fig3.pdf  used on input l
ine 1385.
(pdftex.def)             Requested size: 97.71951pt x 111.13734pt.
<bmr50285/LocalTc.599.8821277.fig4.pdf, id=9177, 361.35pt x 216.81pt>
File: bmr50285/LocalTc.599.8821277.fig4.pdf Graphic file (type pdf)
<use bmr50285/LocalTc.599.8821277.fig4.pdf>
Package pdftex.def Info: bmr50285/LocalTc.599.8821277.fig4.pdf  used on input l
ine 1386.
(pdftex.def)             Requested size: 97.71951pt x 111.13734pt.

Overfull \hbox (13.78955pt too wide) in paragraph at lines 1372--1387
[] [] [] [] []
 []


Overfull \hbox (13.78955pt too wide) in paragraph at lines 1372--1387
[] [] [] [] []
 []


Overfull \hbox (13.78955pt too wide) in paragraph at lines 1372--1387
[] [] [] [] [] 
 []

<bmr5330/LocalTc.600.13.fig0.pdf, id=9178, 361.35pt x 216.81pt>
File: bmr5330/LocalTc.600.13.fig0.pdf Graphic file (type pdf)
<use bmr5330/LocalTc.600.13.fig0.pdf>
Package pdftex.def Info: bmr5330/LocalTc.600.13.fig0.pdf  used on input line 14
10.
(pdftex.def)             Requested size: 97.71951pt x 111.13734pt.
<bmr5330/LocalTc.600.13.fig1.pdf, id=9179, 361.35pt x 216.81pt>
File: bmr5330/LocalTc.600.13.fig1.pdf Graphic file (type pdf)
<use bmr5330/LocalTc.600.13.fig1.pdf>
Package pdftex.def Info: bmr5330/LocalTc.600.13.fig1.pdf  used on input line 14
11.
(pdftex.def)             Requested size: 97.71951pt x 111.13734pt.
<bmr5330/LocalTc.600.13.fig2.pdf, id=9180, 361.35pt x 216.81pt>
File: bmr5330/LocalTc.600.13.fig2.pdf Graphic file (type pdf)
<use bmr5330/LocalTc.600.13.fig2.pdf>
Package pdftex.def Info: bmr5330/LocalTc.600.13.fig2.pdf  used on input line 14
12.
(pdftex.def)             Requested size: 97.71951pt x 111.13734pt.
<bmr5330/LocalTc.600.13.fig3.pdf, id=9181, 361.35pt x 216.81pt>
File: bmr5330/LocalTc.600.13.fig3.pdf Graphic file (type pdf)
<use bmr5330/LocalTc.600.13.fig3.pdf>
Package pdftex.def Info: bmr5330/LocalTc.600.13.fig3.pdf  used on input line 14
13.
(pdftex.def)             Requested size: 97.71951pt x 111.13734pt.
<bmr5330/LocalTc.600.13.fig4.pdf, id=9182, 361.35pt x 216.81pt>
File: bmr5330/LocalTc.600.13.fig4.pdf Graphic file (type pdf)
<use bmr5330/LocalTc.600.13.fig4.pdf>
Package pdftex.def Info: bmr5330/LocalTc.600.13.fig4.pdf  used on input line 14
14.
(pdftex.def)             Requested size: 97.71951pt x 111.13734pt.
<bmr5330/LocalTc.500.0.fig0.pdf, id=9183, 361.35pt x 216.81pt>
File: bmr5330/LocalTc.500.0.fig0.pdf Graphic file (type pdf)
<use bmr5330/LocalTc.500.0.fig0.pdf>
Package pdftex.def Info: bmr5330/LocalTc.500.0.fig0.pdf  used on input line 141
5.
(pdftex.def)             Requested size: 97.71951pt x 111.13734pt.
<bmr5330/LocalTc.500.0.fig1.pdf, id=9184, 361.35pt x 216.81pt>
File: bmr5330/LocalTc.500.0.fig1.pdf Graphic file (type pdf)
<use bmr5330/LocalTc.500.0.fig1.pdf>
Package pdftex.def Info: bmr5330/LocalTc.500.0.fig1.pdf  used on input line 141
6.
(pdftex.def)             Requested size: 97.71951pt x 111.13734pt.
<bmr5330/LocalTc.500.0.fig2.pdf, id=9185, 361.35pt x 216.81pt>
File: bmr5330/LocalTc.500.0.fig2.pdf Graphic file (type pdf)
<use bmr5330/LocalTc.500.0.fig2.pdf>
Package pdftex.def Info: bmr5330/LocalTc.500.0.fig2.pdf  used on input line 141
7.
(pdftex.def)             Requested size: 97.71951pt x 111.13734pt.
<bmr5330/LocalTc.500.0.fig3.pdf, id=9186, 361.35pt x 216.81pt>
File: bmr5330/LocalTc.500.0.fig3.pdf Graphic file (type pdf)
<use bmr5330/LocalTc.500.0.fig3.pdf>
Package pdftex.def Info: bmr5330/LocalTc.500.0.fig3.pdf  used on input line 141
8.
(pdftex.def)             Requested size: 97.71951pt x 111.13734pt.
<bmr5330/LocalTc.500.0.fig4.pdf, id=9187, 361.35pt x 216.81pt>
File: bmr5330/LocalTc.500.0.fig4.pdf Graphic file (type pdf)
<use bmr5330/LocalTc.500.0.fig4.pdf>
Package pdftex.def Info: bmr5330/LocalTc.500.0.fig4.pdf  used on input line 141
9.
(pdftex.def)             Requested size: 97.71951pt x 111.13734pt.

Overfull \hbox (13.78955pt too wide) in paragraph at lines 1410--1420
[] [] [] [] []
 []


Overfull \hbox (13.78955pt too wide) in paragraph at lines 1410--1420
[] [] [] [] [] 
 []



[24 <./bmr50285/LocalTc.500.0.fig0.pdf> <./bmr50285/LocalTc.500.0.fig1.pdf

pdfTeX warning: pdflatex (file ./bmr50285/LocalTc.500.0.fig1.pdf): PDF inclusio
n: multiple pdfs with page group included in a single page
> <./bmr50285/LocalTc.500.0.fig2.pdf

pdfTeX warning: pdflatex (file ./bmr50285/LocalTc.500.0.fig2.pdf): PDF inclusio
n: multiple pdfs with page group included in a single page
> <./bmr50285/LocalTc.500.0.fig3.pdf

pdfTeX warning: pdflatex (file ./bmr50285/LocalTc.500.0.fig3.pdf): PDF inclusio
n: multiple pdfs with page group included in a single page
> <./bmr50285/LocalTc.500.0.fig4.pdf

pdfTeX warning: pdflatex (file ./bmr50285/LocalTc.500.0.fig4.pdf): PDF inclusio
n: multiple pdfs with page group included in a single page
> <./bmr50285/LocalTc.499.8598763.fig0.pdf

pdfTeX warning: pdflatex (file ./bmr50285/LocalTc.499.8598763.fig0.pdf): PDF in
clusion: multiple pdfs with page group included in a single page
> <./bmr50285/LocalTc.499.8598763.fig1.pdf

pdfTeX warning: pdflatex (file ./bmr50285/LocalTc.499.8598763.fig1.pdf): PDF in
clusion: multiple pdfs with page group included in a single page
> <./bmr50285/LocalTc.499.8598763.fig2.pdf

pdfTeX warning: pdflatex (file ./bmr50285/LocalTc.499.8598763.fig2.pdf): PDF in
clusion: multiple pdfs with page group included in a single page
> <./bmr50285/LocalTc.499.8598763.fig3.pdf

pdfTeX warning: pdflatex (file ./bmr50285/LocalTc.499.8598763.fig3.pdf): PDF in
clusion: multiple pdfs with page group included in a single page
> <./bmr50285/LocalTc.499.8598763.fig4.pdf

pdfTeX warning: pdflatex (file ./bmr50285/LocalTc.499.8598763.fig4.pdf): PDF in
clusion: multiple pdfs with page group included in a single page
> <./bmr50285/LocalTc.599.8821277.fig0.pdf

pdfTeX warning: pdflatex (file ./bmr50285/LocalTc.599.8821277.fig0.pdf): PDF in
clusion: multiple pdfs with page group included in a single page
> <./bmr50285/LocalTc.599.8821277.fig1.pdf

pdfTeX warning: pdflatex (file ./bmr50285/LocalTc.599.8821277.fig1.pdf): PDF in
clusion: multiple pdfs with page group included in a single page
> <./bmr50285/LocalTc.599.8821277.fig2.pdf

pdfTeX warning: pdflatex (file ./bmr50285/LocalTc.599.8821277.fig2.pdf): PDF in
clusion: multiple pdfs with page group included in a single page
> <./bmr50285/LocalTc.599.8821277.fig3.pdf

pdfTeX warning: pdflatex (file ./bmr50285/LocalTc.599.8821277.fig3.pdf): PDF in
clusion: multiple pdfs with page group included in a single page
> <./bmr50285/LocalTc.599.8821277.fig4.pdf

pdfTeX warning: pdflatex (file ./bmr50285/LocalTc.599.8821277.fig4.pdf): PDF in
clusion: multiple pdfs with page group included in a single page
> <./bmr5330/LocalTc.600.13.fig0.pdf

pdfTeX warning: pdflatex (file ./bmr5330/LocalTc.600.13.fig0.pdf): PDF inclusio
n: multiple pdfs with page group included in a single page
> <./bmr5330/LocalTc.600.13.fig1.pdf

pdfTeX warning: pdflatex (file ./bmr5330/LocalTc.600.13.fig1.pdf): PDF inclusio
n: multiple pdfs with page group included in a single page
> <./bmr5330/LocalTc.600.13.fig2.pdf

pdfTeX warning: pdflatex (file ./bmr5330/LocalTc.600.13.fig2.pdf): PDF inclusio
n: multiple pdfs with page group included in a single page
> <./bmr5330/LocalTc.600.13.fig3.pdf

pdfTeX warning: pdflatex (file ./bmr5330/LocalTc.600.13.fig3.pdf): PDF inclusio
n: multiple pdfs with page group included in a single page
> <./bmr5330/LocalTc.600.13.fig4.pdf

pdfTeX warning: pdflatex (file ./bmr5330/LocalTc.600.13.fig4.pdf): PDF inclusio
n: multiple pdfs with page group included in a single page
>]
<bmr5331/LocalTc.600.0.fig0.pdf, id=9736, 361.35pt x 216.81pt>
File: bmr5331/LocalTc.600.0.fig0.pdf Graphic file (type pdf)
<use bmr5331/LocalTc.600.0.fig0.pdf>
Package pdftex.def Info: bmr5331/LocalTc.600.0.fig0.pdf  used on input line 144
3.
(pdftex.def)             Requested size: 97.71951pt x 111.13734pt.
<bmr5331/LocalTc.600.0.fig1.pdf, id=9737, 361.35pt x 216.81pt>
File: bmr5331/LocalTc.600.0.fig1.pdf Graphic file (type pdf)
<use bmr5331/LocalTc.600.0.fig1.pdf>
Package pdftex.def Info: bmr5331/LocalTc.600.0.fig1.pdf  used on input line 144
4.
(pdftex.def)             Requested size: 97.71951pt x 111.13734pt.
<bmr5331/LocalTc.600.0.fig2.pdf, id=9738, 361.35pt x 216.81pt>
File: bmr5331/LocalTc.600.0.fig2.pdf Graphic file (type pdf)
<use bmr5331/LocalTc.600.0.fig2.pdf>
Package pdftex.def Info: bmr5331/LocalTc.600.0.fig2.pdf  used on input line 144
5.
(pdftex.def)             Requested size: 97.71951pt x 111.13734pt.
<bmr5331/LocalTc.600.0.fig3.pdf, id=9739, 361.35pt x 216.81pt>
File: bmr5331/LocalTc.600.0.fig3.pdf Graphic file (type pdf)
<use bmr5331/LocalTc.600.0.fig3.pdf>
Package pdftex.def Info: bmr5331/LocalTc.600.0.fig3.pdf  used on input line 144
6.
(pdftex.def)             Requested size: 97.71951pt x 111.13734pt.
<bmr5331/LocalTc.600.0.fig4.pdf, id=9740, 361.35pt x 216.81pt>
File: bmr5331/LocalTc.600.0.fig4.pdf Graphic file (type pdf)
<use bmr5331/LocalTc.600.0.fig4.pdf>
Package pdftex.def Info: bmr5331/LocalTc.600.0.fig4.pdf  used on input line 144
7.
(pdftex.def)             Requested size: 97.71951pt x 111.13734pt.
<bmr5331/LocalTc.500.0.fig0.pdf, id=9741, 361.35pt x 216.81pt>
File: bmr5331/LocalTc.500.0.fig0.pdf Graphic file (type pdf)
<use bmr5331/LocalTc.500.0.fig0.pdf>
Package pdftex.def Info: bmr5331/LocalTc.500.0.fig0.pdf  used on input line 144
8.
(pdftex.def)             Requested size: 97.71951pt x 111.13734pt.
<bmr5331/LocalTc.500.0.fig1.pdf, id=9742, 361.35pt x 216.81pt>
File: bmr5331/LocalTc.500.0.fig1.pdf Graphic file (type pdf)
<use bmr5331/LocalTc.500.0.fig1.pdf>
Package pdftex.def Info: bmr5331/LocalTc.500.0.fig1.pdf  used on input line 144
9.
(pdftex.def)             Requested size: 97.71951pt x 111.13734pt.
<bmr5331/LocalTc.500.0.fig2.pdf, id=9743, 361.35pt x 216.81pt>
File: bmr5331/LocalTc.500.0.fig2.pdf Graphic file (type pdf)
<use bmr5331/LocalTc.500.0.fig2.pdf>
Package pdftex.def Info: bmr5331/LocalTc.500.0.fig2.pdf  used on input line 145
0.
(pdftex.def)             Requested size: 97.71951pt x 111.13734pt.
<bmr5331/LocalTc.500.0.fig3.pdf, id=9744, 361.35pt x 216.81pt>
File: bmr5331/LocalTc.500.0.fig3.pdf Graphic file (type pdf)
<use bmr5331/LocalTc.500.0.fig3.pdf>
Package pdftex.def Info: bmr5331/LocalTc.500.0.fig3.pdf  used on input line 145
1.
(pdftex.def)             Requested size: 97.71951pt x 111.13734pt.
<bmr5331/LocalTc.500.0.fig4.pdf, id=9745, 361.35pt x 216.81pt>
File: bmr5331/LocalTc.500.0.fig4.pdf Graphic file (type pdf)
<use bmr5331/LocalTc.500.0.fig4.pdf>
Package pdftex.def Info: bmr5331/LocalTc.500.0.fig4.pdf  used on input line 145
2.
(pdftex.def)             Requested size: 97.71951pt x 111.13734pt.

Overfull \hbox (13.78955pt too wide) in paragraph at lines 1443--1453
[] [] [] [] []
 []


Overfull \hbox (13.78955pt too wide) in paragraph at lines 1443--1453
[] [] [] [] [] 
 []

<bmr15445/LocalTc.800.066.fig0.pdf, id=9746, 361.35pt x 216.81pt>
File: bmr15445/LocalTc.800.066.fig0.pdf Graphic file (type pdf)
<use bmr15445/LocalTc.800.066.fig0.pdf>
Package pdftex.def Info: bmr15445/LocalTc.800.066.fig0.pdf  used on input line 
1476.
(pdftex.def)             Requested size: 97.71951pt x 111.13734pt.
<bmr15445/LocalTc.800.066.fig1.pdf, id=9747, 361.35pt x 216.81pt>
File: bmr15445/LocalTc.800.066.fig1.pdf Graphic file (type pdf)
<use bmr15445/LocalTc.800.066.fig1.pdf>
Package pdftex.def Info: bmr15445/LocalTc.800.066.fig1.pdf  used on input line 
1477.
(pdftex.def)             Requested size: 97.71951pt x 111.13734pt.
<bmr15445/LocalTc.800.066.fig2.pdf, id=9748, 361.35pt x 216.81pt>
File: bmr15445/LocalTc.800.066.fig2.pdf Graphic file (type pdf)
<use bmr15445/LocalTc.800.066.fig2.pdf>
Package pdftex.def Info: bmr15445/LocalTc.800.066.fig2.pdf  used on input line 
1478.
(pdftex.def)             Requested size: 97.71951pt x 111.13734pt.
<bmr15445/LocalTc.800.066.fig3.pdf, id=9749, 361.35pt x 216.81pt>
File: bmr15445/LocalTc.800.066.fig3.pdf Graphic file (type pdf)
<use bmr15445/LocalTc.800.066.fig3.pdf>
Package pdftex.def Info: bmr15445/LocalTc.800.066.fig3.pdf  used on input line 
1479.
(pdftex.def)             Requested size: 97.71951pt x 111.13734pt.
<bmr15445/LocalTc.800.066.fig4.pdf, id=9750, 361.35pt x 216.81pt>
File: bmr15445/LocalTc.800.066.fig4.pdf Graphic file (type pdf)
<use bmr15445/LocalTc.800.066.fig4.pdf>
Package pdftex.def Info: bmr15445/LocalTc.800.066.fig4.pdf  used on input line 
1480.
(pdftex.def)             Requested size: 97.71951pt x 111.13734pt.
<bmr15445/LocalTc.500.0.fig0.pdf, id=9751, 361.35pt x 216.81pt>
File: bmr15445/LocalTc.500.0.fig0.pdf Graphic file (type pdf)
<use bmr15445/LocalTc.500.0.fig0.pdf>
Package pdftex.def Info: bmr15445/LocalTc.500.0.fig0.pdf  used on input line 14
81.
(pdftex.def)             Requested size: 97.71951pt x 111.13734pt.
<bmr15445/LocalTc.500.0.fig1.pdf, id=9752, 361.35pt x 216.81pt>
File: bmr15445/LocalTc.500.0.fig1.pdf Graphic file (type pdf)
<use bmr15445/LocalTc.500.0.fig1.pdf>
Package pdftex.def Info: bmr15445/LocalTc.500.0.fig1.pdf  used on input line 14
82.
(pdftex.def)             Requested size: 97.71951pt x 111.13734pt.
<bmr15445/LocalTc.500.0.fig2.pdf, id=9753, 361.35pt x 216.81pt>
File: bmr15445/LocalTc.500.0.fig2.pdf Graphic file (type pdf)
<use bmr15445/LocalTc.500.0.fig2.pdf>
Package pdftex.def Info: bmr15445/LocalTc.500.0.fig2.pdf  used on input line 14
83.
(pdftex.def)             Requested size: 97.71951pt x 111.13734pt.
<bmr15445/LocalTc.500.0.fig3.pdf, id=9754, 361.35pt x 216.81pt>
File: bmr15445/LocalTc.500.0.fig3.pdf Graphic file (type pdf)
<use bmr15445/LocalTc.500.0.fig3.pdf>
Package pdftex.def Info: bmr15445/LocalTc.500.0.fig3.pdf  used on input line 14
84.
(pdftex.def)             Requested size: 97.71951pt x 111.13734pt.
<bmr15445/LocalTc.500.0.fig4.pdf, id=9755, 361.35pt x 216.81pt>
File: bmr15445/LocalTc.500.0.fig4.pdf Graphic file (type pdf)
<use bmr15445/LocalTc.500.0.fig4.pdf>
Package pdftex.def Info: bmr15445/LocalTc.500.0.fig4.pdf  used on input line 14
85.
(pdftex.def)             Requested size: 97.71951pt x 111.13734pt.

Overfull \hbox (13.78955pt too wide) in paragraph at lines 1476--1486
[] [] [] [] []
 []


Overfull \hbox (13.78955pt too wide) in paragraph at lines 1476--1486
[] [] [] [] [] 
 []



[25 <./bmr5330/LocalTc.500.0.fig0.pdf> <./bmr5330/LocalTc.500.0.fig1.pdf

pdfTeX warning: pdflatex (file ./bmr5330/LocalTc.500.0.fig1.pdf): PDF inclusion
: multiple pdfs with page group included in a single page
> <./bmr5330/LocalTc.500.0.fig2.pdf

pdfTeX warning: pdflatex (file ./bmr5330/LocalTc.500.0.fig2.pdf): PDF inclusion
: multiple pdfs with page group included in a single page
> <./bmr5330/LocalTc.500.0.fig3.pdf

pdfTeX warning: pdflatex (file ./bmr5330/LocalTc.500.0.fig3.pdf): PDF inclusion
: multiple pdfs with page group included in a single page
> <./bmr5330/LocalTc.500.0.fig4.pdf

pdfTeX warning: pdflatex (file ./bmr5330/LocalTc.500.0.fig4.pdf): PDF inclusion
: multiple pdfs with page group included in a single page
> <./bmr5331/LocalTc.600.0.fig0.pdf

pdfTeX warning: pdflatex (file ./bmr5331/LocalTc.600.0.fig0.pdf): PDF inclusion
: multiple pdfs with page group included in a single page
> <./bmr5331/LocalTc.600.0.fig1.pdf

pdfTeX warning: pdflatex (file ./bmr5331/LocalTc.600.0.fig1.pdf): PDF inclusion
: multiple pdfs with page group included in a single page
> <./bmr5331/LocalTc.600.0.fig2.pdf

pdfTeX warning: pdflatex (file ./bmr5331/LocalTc.600.0.fig2.pdf): PDF inclusion
: multiple pdfs with page group included in a single page
> <./bmr5331/LocalTc.600.0.fig3.pdf

pdfTeX warning: pdflatex (file ./bmr5331/LocalTc.600.0.fig3.pdf): PDF inclusion
: multiple pdfs with page group included in a single page
> <./bmr5331/LocalTc.600.0.fig4.pdf

pdfTeX warning: pdflatex (file ./bmr5331/LocalTc.600.0.fig4.pdf): PDF inclusion
: multiple pdfs with page group included in a single page
> <./bmr5331/LocalTc.500.0.fig0.pdf

pdfTeX warning: pdflatex (file ./bmr5331/LocalTc.500.0.fig0.pdf): PDF inclusion
: multiple pdfs with page group included in a single page
> <./bmr5331/LocalTc.500.0.fig1.pdf

pdfTeX warning: pdflatex (file ./bmr5331/LocalTc.500.0.fig1.pdf): PDF inclusion
: multiple pdfs with page group included in a single page
> <./bmr5331/LocalTc.500.0.fig2.pdf

pdfTeX warning: pdflatex (file ./bmr5331/LocalTc.500.0.fig2.pdf): PDF inclusion
: multiple pdfs with page group included in a single page
> <./bmr5331/LocalTc.500.0.fig3.pdf

pdfTeX warning: pdflatex (file ./bmr5331/LocalTc.500.0.fig3.pdf): PDF inclusion
: multiple pdfs with page group included in a single page
> <./bmr5331/LocalTc.500.0.fig4.pdf

pdfTeX warning: pdflatex (file ./bmr5331/LocalTc.500.0.fig4.pdf): PDF inclusion
: multiple pdfs with page group included in a single page
>]
<bmr4970/LocalTc.800.0.fig0.pdf, id=10169, 361.35pt x 216.81pt>
File: bmr4970/LocalTc.800.0.fig0.pdf Graphic file (type pdf)
<use bmr4970/LocalTc.800.0.fig0.pdf>
Package pdftex.def Info: bmr4970/LocalTc.800.0.fig0.pdf  used on input line 150
9.
(pdftex.def)             Requested size: 97.71951pt x 111.13734pt.
<bmr4970/LocalTc.800.0.fig1.pdf, id=10170, 361.35pt x 216.81pt>
File: bmr4970/LocalTc.800.0.fig1.pdf Graphic file (type pdf)
<use bmr4970/LocalTc.800.0.fig1.pdf>
Package pdftex.def Info: bmr4970/LocalTc.800.0.fig1.pdf  used on input line 151
0.
(pdftex.def)             Requested size: 97.71951pt x 111.13734pt.
<bmr4970/LocalTc.800.0.fig2.pdf, id=10171, 361.35pt x 216.81pt>
File: bmr4970/LocalTc.800.0.fig2.pdf Graphic file (type pdf)
<use bmr4970/LocalTc.800.0.fig2.pdf>
Package pdftex.def Info: bmr4970/LocalTc.800.0.fig2.pdf  used on input line 151
1.
(pdftex.def)             Requested size: 97.71951pt x 111.13734pt.
<bmr4970/LocalTc.800.0.fig3.pdf, id=10172, 361.35pt x 216.81pt>
File: bmr4970/LocalTc.800.0.fig3.pdf Graphic file (type pdf)
<use bmr4970/LocalTc.800.0.fig3.pdf>
Package pdftex.def Info: bmr4970/LocalTc.800.0.fig3.pdf  used on input line 151
2.
(pdftex.def)             Requested size: 97.71951pt x 111.13734pt.
<bmr4970/LocalTc.800.0.fig4.pdf, id=10173, 361.35pt x 216.81pt>
File: bmr4970/LocalTc.800.0.fig4.pdf Graphic file (type pdf)
<use bmr4970/LocalTc.800.0.fig4.pdf>
Package pdftex.def Info: bmr4970/LocalTc.800.0.fig4.pdf  used on input line 151
3.
(pdftex.def)             Requested size: 97.71951pt x 111.13734pt.

Overfull \hbox (13.78955pt too wide) in paragraph at lines 1509--1514
[] [] [] [] [] 
 []

<bmr19388/LocalTc.600.0.fig0.pdf, id=10174, 361.35pt x 216.81pt>
File: bmr19388/LocalTc.600.0.fig0.pdf Graphic file (type pdf)
<use bmr19388/LocalTc.600.0.fig0.pdf>
Package pdftex.def Info: bmr19388/LocalTc.600.0.fig0.pdf  used on input line 15
37.
(pdftex.def)             Requested size: 97.71951pt x 111.13734pt.
<bmr19388/LocalTc.600.0.fig1.pdf, id=10175, 361.35pt x 216.81pt>
File: bmr19388/LocalTc.600.0.fig1.pdf Graphic file (type pdf)
<use bmr19388/LocalTc.600.0.fig1.pdf>
Package pdftex.def Info: bmr19388/LocalTc.600.0.fig1.pdf  used on input line 15
38.
(pdftex.def)             Requested size: 97.71951pt x 111.13734pt.
<bmr19388/LocalTc.600.0.fig2.pdf, id=10176, 361.35pt x 216.81pt>
File: bmr19388/LocalTc.600.0.fig2.pdf Graphic file (type pdf)
<use bmr19388/LocalTc.600.0.fig2.pdf>
Package pdftex.def Info: bmr19388/LocalTc.600.0.fig2.pdf  used on input line 15
39.
(pdftex.def)             Requested size: 97.71951pt x 111.13734pt.
<bmr19388/LocalTc.600.0.fig3.pdf, id=10177, 361.35pt x 216.81pt>
File: bmr19388/LocalTc.600.0.fig3.pdf Graphic file (type pdf)
<use bmr19388/LocalTc.600.0.fig3.pdf>
Package pdftex.def Info: bmr19388/LocalTc.600.0.fig3.pdf  used on input line 15
40.
(pdftex.def)             Requested size: 97.71951pt x 111.13734pt.
<bmr19388/LocalTc.600.0.fig4.pdf, id=10178, 361.35pt x 216.81pt>
File: bmr19388/LocalTc.600.0.fig4.pdf Graphic file (type pdf)
<use bmr19388/LocalTc.600.0.fig4.pdf>
Package pdftex.def Info: bmr19388/LocalTc.600.0.fig4.pdf  used on input line 15
41.
(pdftex.def)             Requested size: 97.71951pt x 111.13734pt.

Overfull \hbox (13.78955pt too wide) in paragraph at lines 1537--1542
[] [] [] [] [] 
 []



[26 <./bmr15445/LocalTc.800.066.fig0.pdf> <./bmr15445/LocalTc.800.066.fig1.pdf

pdfTeX warning: pdflatex (file ./bmr15445/LocalTc.800.066.fig1.pdf): PDF inclus
ion: multiple pdfs with page group included in a single page
> <./bmr15445/LocalTc.800.066.fig2.pdf

pdfTeX warning: pdflatex (file ./bmr15445/LocalTc.800.066.fig2.pdf): PDF inclus
ion: multiple pdfs with page group included in a single page
> <./bmr15445/LocalTc.800.066.fig3.pdf

pdfTeX warning: pdflatex (file ./bmr15445/LocalTc.800.066.fig3.pdf): PDF inclus
ion: multiple pdfs with page group included in a single page
> <./bmr15445/LocalTc.800.066.fig4.pdf

pdfTeX warning: pdflatex (file ./bmr15445/LocalTc.800.066.fig4.pdf): PDF inclus
ion: multiple pdfs with page group included in a single page
> <./bmr15445/LocalTc.500.0.fig0.pdf

pdfTeX warning: pdflatex (file ./bmr15445/LocalTc.500.0.fig0.pdf): PDF inclusio
n: multiple pdfs with page group included in a single page
> <./bmr15445/LocalTc.500.0.fig1.pdf

pdfTeX warning: pdflatex (file ./bmr15445/LocalTc.500.0.fig1.pdf): PDF inclusio
n: multiple pdfs with page group included in a single page
> <./bmr15445/LocalTc.500.0.fig2.pdf

pdfTeX warning: pdflatex (file ./bmr15445/LocalTc.500.0.fig2.pdf): PDF inclusio
n: multiple pdfs with page group included in a single page
> <./bmr15445/LocalTc.500.0.fig3.pdf

pdfTeX warning: pdflatex (file ./bmr15445/LocalTc.500.0.fig3.pdf): PDF inclusio
n: multiple pdfs with page group included in a single page
> <./bmr15445/LocalTc.500.0.fig4.pdf

pdfTeX warning: pdflatex (file ./bmr15445/LocalTc.500.0.fig4.pdf): PDF inclusio
n: multiple pdfs with page group included in a single page
> <./bmr4970/LocalTc.800.0.fig0.pdf

pdfTeX warning: pdflatex (file ./bmr4970/LocalTc.800.0.fig0.pdf): PDF inclusion
: multiple pdfs with page group included in a single page
> <./bmr4970/LocalTc.800.0.fig1.pdf

pdfTeX warning: pdflatex (file ./bmr4970/LocalTc.800.0.fig1.pdf): PDF inclusion
: multiple pdfs with page group included in a single page
> <./bmr4970/LocalTc.800.0.fig2.pdf

pdfTeX warning: pdflatex (file ./bmr4970/LocalTc.800.0.fig2.pdf): PDF inclusion
: multiple pdfs with page group included in a single page
> <./bmr4970/LocalTc.800.0.fig3.pdf

pdfTeX warning: pdflatex (file ./bmr4970/LocalTc.800.0.fig3.pdf): PDF inclusion
: multiple pdfs with page group included in a single page
> <./bmr4970/LocalTc.800.0.fig4.pdf

pdfTeX warning: pdflatex (file ./bmr4970/LocalTc.800.0.fig4.pdf): PDF inclusion
: multiple pdfs with page group included in a single page
>]
<bmr26513/LocalTc.800.0.fig0.pdf, id=10591, 361.35pt x 216.81pt>
File: bmr26513/LocalTc.800.0.fig0.pdf Graphic file (type pdf)
<use bmr26513/LocalTc.800.0.fig0.pdf>
Package pdftex.def Info: bmr26513/LocalTc.800.0.fig0.pdf  used on input line 15
65.
(pdftex.def)             Requested size: 97.71951pt x 111.13734pt.
<bmr26513/LocalTc.800.0.fig1.pdf, id=10592, 361.35pt x 216.81pt>
File: bmr26513/LocalTc.800.0.fig1.pdf Graphic file (type pdf)
<use bmr26513/LocalTc.800.0.fig1.pdf>
Package pdftex.def Info: bmr26513/LocalTc.800.0.fig1.pdf  used on input line 15
66.
(pdftex.def)             Requested size: 97.71951pt x 111.13734pt.
<bmr26513/LocalTc.800.0.fig2.pdf, id=10593, 361.35pt x 216.81pt>
File: bmr26513/LocalTc.800.0.fig2.pdf Graphic file (type pdf)
<use bmr26513/LocalTc.800.0.fig2.pdf>
Package pdftex.def Info: bmr26513/LocalTc.800.0.fig2.pdf  used on input line 15
67.
(pdftex.def)             Requested size: 97.71951pt x 111.13734pt.
<bmr26513/LocalTc.800.0.fig3.pdf, id=10594, 361.35pt x 216.81pt>
File: bmr26513/LocalTc.800.0.fig3.pdf Graphic file (type pdf)
<use bmr26513/LocalTc.800.0.fig3.pdf>
Package pdftex.def Info: bmr26513/LocalTc.800.0.fig3.pdf  used on input line 15
68.
(pdftex.def)             Requested size: 97.71951pt x 111.13734pt.
<bmr26513/LocalTc.800.0.fig4.pdf, id=10595, 361.35pt x 216.81pt>
File: bmr26513/LocalTc.800.0.fig4.pdf Graphic file (type pdf)
<use bmr26513/LocalTc.800.0.fig4.pdf>
Package pdftex.def Info: bmr26513/LocalTc.800.0.fig4.pdf  used on input line 15
69.
(pdftex.def)             Requested size: 97.71951pt x 111.13734pt.

Overfull \hbox (13.78955pt too wide) in paragraph at lines 1565--1570
[] [] [] [] [] 
 []

<bmr50212/LocalTc.500.0.fig0.pdf, id=10596, 361.35pt x 216.81pt>
File: bmr50212/LocalTc.500.0.fig0.pdf Graphic file (type pdf)
<use bmr50212/LocalTc.500.0.fig0.pdf>
Package pdftex.def Info: bmr50212/LocalTc.500.0.fig0.pdf  used on input line 15
93.
(pdftex.def)             Requested size: 97.71951pt x 111.13734pt.
<bmr50212/LocalTc.500.0.fig1.pdf, id=10597, 361.35pt x 216.81pt>
File: bmr50212/LocalTc.500.0.fig1.pdf Graphic file (type pdf)
<use bmr50212/LocalTc.500.0.fig1.pdf>
Package pdftex.def Info: bmr50212/LocalTc.500.0.fig1.pdf  used on input line 15
94.
(pdftex.def)             Requested size: 97.71951pt x 111.13734pt.
<bmr50212/LocalTc.500.0.fig2.pdf, id=10598, 361.35pt x 216.81pt>
File: bmr50212/LocalTc.500.0.fig2.pdf Graphic file (type pdf)
<use bmr50212/LocalTc.500.0.fig2.pdf>
Package pdftex.def Info: bmr50212/LocalTc.500.0.fig2.pdf  used on input line 15
95.
(pdftex.def)             Requested size: 97.71951pt x 111.13734pt.
<bmr50212/LocalTc.500.0.fig3.pdf, id=10599, 361.35pt x 216.81pt>
File: bmr50212/LocalTc.500.0.fig3.pdf Graphic file (type pdf)
<use bmr50212/LocalTc.500.0.fig3.pdf>
Package pdftex.def Info: bmr50212/LocalTc.500.0.fig3.pdf  used on input line 15
96.
(pdftex.def)             Requested size: 97.71951pt x 111.13734pt.
<bmr50212/LocalTc.500.0.fig4.pdf, id=10600, 361.35pt x 216.81pt>
File: bmr50212/LocalTc.500.0.fig4.pdf Graphic file (type pdf)
<use bmr50212/LocalTc.500.0.fig4.pdf>
Package pdftex.def Info: bmr50212/LocalTc.500.0.fig4.pdf  used on input line 15
97.
(pdftex.def)             Requested size: 97.71951pt x 111.13734pt.

Overfull \hbox (13.78955pt too wide) in paragraph at lines 1593--1598
[] [] [] [] [] 
 []



[27 <./bmr19388/LocalTc.600.0.fig0.pdf> <./bmr19388/LocalTc.600.0.fig1.pdf

pdfTeX warning: pdflatex (file ./bmr19388/LocalTc.600.0.fig1.pdf): PDF inclusio
n: multiple pdfs with page group included in a single page
> <./bmr19388/LocalTc.600.0.fig2.pdf

pdfTeX warning: pdflatex (file ./bmr19388/LocalTc.600.0.fig2.pdf): PDF inclusio
n: multiple pdfs with page group included in a single page
> <./bmr19388/LocalTc.600.0.fig3.pdf

pdfTeX warning: pdflatex (file ./bmr19388/LocalTc.600.0.fig3.pdf): PDF inclusio
n: multiple pdfs with page group included in a single page
> <./bmr19388/LocalTc.600.0.fig4.pdf

pdfTeX warning: pdflatex (file ./bmr19388/LocalTc.600.0.fig4.pdf): PDF inclusio
n: multiple pdfs with page group included in a single page
> <./bmr26513/LocalTc.800.0.fig0.pdf

pdfTeX warning: pdflatex (file ./bmr26513/LocalTc.800.0.fig0.pdf): PDF inclusio
n: multiple pdfs with page group included in a single page
> <./bmr26513/LocalTc.800.0.fig1.pdf

pdfTeX warning: pdflatex (file ./bmr26513/LocalTc.800.0.fig1.pdf): PDF inclusio
n: multiple pdfs with page group included in a single page
> <./bmr26513/LocalTc.800.0.fig2.pdf

pdfTeX warning: pdflatex (file ./bmr26513/LocalTc.800.0.fig2.pdf): PDF inclusio
n: multiple pdfs with page group included in a single page
> <./bmr26513/LocalTc.800.0.fig3.pdf

pdfTeX warning: pdflatex (file ./bmr26513/LocalTc.800.0.fig3.pdf): PDF inclusio
n: multiple pdfs with page group included in a single page
> <./bmr26513/LocalTc.800.0.fig4.pdf

pdfTeX warning: pdflatex (file ./bmr26513/LocalTc.800.0.fig4.pdf): PDF inclusio
n: multiple pdfs with page group included in a single page
> <./bmr50212/LocalTc.500.0.fig0.pdf

pdfTeX warning: pdflatex (file ./bmr50212/LocalTc.500.0.fig0.pdf): PDF inclusio
n: multiple pdfs with page group included in a single page
> <./bmr50212/LocalTc.500.0.fig1.pdf

pdfTeX warning: pdflatex (file ./bmr50212/LocalTc.500.0.fig1.pdf): PDF inclusio
n: multiple pdfs with page group included in a single page
> <./bmr50212/LocalTc.500.0.fig2.pdf

pdfTeX warning: pdflatex (file ./bmr50212/LocalTc.500.0.fig2.pdf): PDF inclusio
n: multiple pdfs with page group included in a single page
> <./bmr50212/LocalTc.500.0.fig3.pdf

pdfTeX warning: pdflatex (file ./bmr50212/LocalTc.500.0.fig3.pdf): PDF inclusio
n: multiple pdfs with page group included in a single page
> <./bmr50212/LocalTc.500.0.fig4.pdf

pdfTeX warning: pdflatex (file ./bmr50212/LocalTc.500.0.fig4.pdf): PDF inclusio
n: multiple pdfs with page group included in a single page
>]
<bmr4365/LocalTc.800.066.fig0.pdf, id=11013, 361.35pt x 216.81pt>
File: bmr4365/LocalTc.800.066.fig0.pdf Graphic file (type pdf)
<use bmr4365/LocalTc.800.066.fig0.pdf>
Package pdftex.def Info: bmr4365/LocalTc.800.066.fig0.pdf  used on input line 1
621.
(pdftex.def)             Requested size: 97.71951pt x 111.13734pt.
<bmr4365/LocalTc.800.066.fig1.pdf, id=11014, 361.35pt x 216.81pt>
File: bmr4365/LocalTc.800.066.fig1.pdf Graphic file (type pdf)
<use bmr4365/LocalTc.800.066.fig1.pdf>
Package pdftex.def Info: bmr4365/LocalTc.800.066.fig1.pdf  used on input line 1
622.
(pdftex.def)             Requested size: 97.71951pt x 111.13734pt.
<bmr4365/LocalTc.800.066.fig2.pdf, id=11015, 361.35pt x 216.81pt>
File: bmr4365/LocalTc.800.066.fig2.pdf Graphic file (type pdf)
<use bmr4365/LocalTc.800.066.fig2.pdf>
Package pdftex.def Info: bmr4365/LocalTc.800.066.fig2.pdf  used on input line 1
623.
(pdftex.def)             Requested size: 97.71951pt x 111.13734pt.
<bmr4365/LocalTc.800.066.fig3.pdf, id=11016, 361.35pt x 216.81pt>
File: bmr4365/LocalTc.800.066.fig3.pdf Graphic file (type pdf)
<use bmr4365/LocalTc.800.066.fig3.pdf>
Package pdftex.def Info: bmr4365/LocalTc.800.066.fig3.pdf  used on input line 1
624.
(pdftex.def)             Requested size: 97.71951pt x 111.13734pt.
<bmr4365/LocalTc.800.066.fig4.pdf, id=11017, 361.35pt x 216.81pt>
File: bmr4365/LocalTc.800.066.fig4.pdf Graphic file (type pdf)
<use bmr4365/LocalTc.800.066.fig4.pdf>
Package pdftex.def Info: bmr4365/LocalTc.800.066.fig4.pdf  used on input line 1
625.
(pdftex.def)             Requested size: 97.71951pt x 111.13734pt.

Overfull \hbox (13.78955pt too wide) in paragraph at lines 1621--1626
[] [] [] [] [] 
 []

<bmr4364/LocalTc.800.0.fig0.pdf, id=11018, 361.35pt x 216.81pt>
File: bmr4364/LocalTc.800.0.fig0.pdf Graphic file (type pdf)
<use bmr4364/LocalTc.800.0.fig0.pdf>
Package pdftex.def Info: bmr4364/LocalTc.800.0.fig0.pdf  used on input line 164
9.
(pdftex.def)             Requested size: 97.71951pt x 111.13734pt.
<bmr4364/LocalTc.800.0.fig1.pdf, id=11019, 361.35pt x 216.81pt>
File: bmr4364/LocalTc.800.0.fig1.pdf Graphic file (type pdf)
<use bmr4364/LocalTc.800.0.fig1.pdf>
Package pdftex.def Info: bmr4364/LocalTc.800.0.fig1.pdf  used on input line 165
0.
(pdftex.def)             Requested size: 97.71951pt x 111.13734pt.
<bmr4364/LocalTc.800.0.fig2.pdf, id=11020, 361.35pt x 216.81pt>
File: bmr4364/LocalTc.800.0.fig2.pdf Graphic file (type pdf)
<use bmr4364/LocalTc.800.0.fig2.pdf>
Package pdftex.def Info: bmr4364/LocalTc.800.0.fig2.pdf  used on input line 165
1.
(pdftex.def)             Requested size: 97.71951pt x 111.13734pt.
<bmr4364/LocalTc.800.0.fig3.pdf, id=11021, 361.35pt x 216.81pt>
File: bmr4364/LocalTc.800.0.fig3.pdf Graphic file (type pdf)
<use bmr4364/LocalTc.800.0.fig3.pdf>
Package pdftex.def Info: bmr4364/LocalTc.800.0.fig3.pdf  used on input line 165
2.
(pdftex.def)             Requested size: 97.71951pt x 111.13734pt.
<bmr4364/LocalTc.800.0.fig4.pdf, id=11022, 361.35pt x 216.81pt>
File: bmr4364/LocalTc.800.0.fig4.pdf Graphic file (type pdf)
<use bmr4364/LocalTc.800.0.fig4.pdf>
Package pdftex.def Info: bmr4364/LocalTc.800.0.fig4.pdf  used on input line 165
3.
(pdftex.def)             Requested size: 97.71951pt x 111.13734pt.

Overfull \hbox (13.78955pt too wide) in paragraph at lines 1649--1654
[] [] [] [] [] 
 []



[28 <./bmr4365/LocalTc.800.066.fig0.pdf> <./bmr4365/LocalTc.800.066.fig1.pdf

pdfTeX warning: pdflatex (file ./bmr4365/LocalTc.800.066.fig1.pdf): PDF inclusi
on: multiple pdfs with page group included in a single page
> <./bmr4365/LocalTc.800.066.fig2.pdf

pdfTeX warning: pdflatex (file ./bmr4365/LocalTc.800.066.fig2.pdf): PDF inclusi
on: multiple pdfs with page group included in a single page
> <./bmr4365/LocalTc.800.066.fig3.pdf

pdfTeX warning: pdflatex (file ./bmr4365/LocalTc.800.066.fig3.pdf): PDF inclusi
on: multiple pdfs with page group included in a single page
> <./bmr4365/LocalTc.800.066.fig4.pdf

pdfTeX warning: pdflatex (file ./bmr4365/LocalTc.800.066.fig4.pdf): PDF inclusi
on: multiple pdfs with page group included in a single page
> <./bmr4364/LocalTc.800.0.fig0.pdf

pdfTeX warning: pdflatex (file ./bmr4364/LocalTc.800.0.fig0.pdf): PDF inclusion
: multiple pdfs with page group included in a single page
> <./bmr4364/LocalTc.800.0.fig1.pdf

pdfTeX warning: pdflatex (file ./bmr4364/LocalTc.800.0.fig1.pdf): PDF inclusion
: multiple pdfs with page group included in a single page
> <./bmr4364/LocalTc.800.0.fig2.pdf

pdfTeX warning: pdflatex (file ./bmr4364/LocalTc.800.0.fig2.pdf): PDF inclusion
: multiple pdfs with page group included in a single page
> <./bmr4364/LocalTc.800.0.fig3.pdf

pdfTeX warning: pdflatex (file ./bmr4364/LocalTc.800.0.fig3.pdf): PDF inclusion
: multiple pdfs with page group included in a single page
> <./bmr4364/LocalTc.800.0.fig4.pdf

pdfTeX warning: pdflatex (file ./bmr4364/LocalTc.800.0.fig4.pdf): PDF inclusion
: multiple pdfs with page group included in a single page
>]
<bmr4366/LocalTc.899.894.fig0.pdf, id=11299, 361.35pt x 216.81pt>
File: bmr4366/LocalTc.899.894.fig0.pdf Graphic file (type pdf)
<use bmr4366/LocalTc.899.894.fig0.pdf>
Package pdftex.def Info: bmr4366/LocalTc.899.894.fig0.pdf  used on input line 1
677.
(pdftex.def)             Requested size: 97.71951pt x 111.13734pt.
<bmr4366/LocalTc.899.894.fig1.pdf, id=11300, 361.35pt x 216.81pt>
File: bmr4366/LocalTc.899.894.fig1.pdf Graphic file (type pdf)
<use bmr4366/LocalTc.899.894.fig1.pdf>
Package pdftex.def Info: bmr4366/LocalTc.899.894.fig1.pdf  used on input line 1
678.
(pdftex.def)             Requested size: 97.71951pt x 111.13734pt.
<bmr4366/LocalTc.899.894.fig2.pdf, id=11301, 361.35pt x 216.81pt>
File: bmr4366/LocalTc.899.894.fig2.pdf Graphic file (type pdf)
<use bmr4366/LocalTc.899.894.fig2.pdf>
Package pdftex.def Info: bmr4366/LocalTc.899.894.fig2.pdf  used on input line 1
679.
(pdftex.def)             Requested size: 97.71951pt x 111.13734pt.
<bmr4366/LocalTc.899.894.fig3.pdf, id=11302, 361.35pt x 216.81pt>
File: bmr4366/LocalTc.899.894.fig3.pdf Graphic file (type pdf)
<use bmr4366/LocalTc.899.894.fig3.pdf>
Package pdftex.def Info: bmr4366/LocalTc.899.894.fig3.pdf  used on input line 1
680.
(pdftex.def)             Requested size: 97.71951pt x 111.13734pt.
<bmr4366/LocalTc.899.894.fig4.pdf, id=11303, 361.35pt x 216.81pt>
File: bmr4366/LocalTc.899.894.fig4.pdf Graphic file (type pdf)
<use bmr4366/LocalTc.899.894.fig4.pdf>
Package pdftex.def Info: bmr4366/LocalTc.899.894.fig4.pdf  used on input line 1
681.
(pdftex.def)             Requested size: 97.71951pt x 111.13734pt.

Overfull \hbox (13.78955pt too wide) in paragraph at lines 1677--1682
[] [] [] [] [] 
 []

<bmr18389/LocalTc.800.0.fig0.pdf, id=11304, 361.35pt x 216.81pt>
File: bmr18389/LocalTc.800.0.fig0.pdf Graphic file (type pdf)
<use bmr18389/LocalTc.800.0.fig0.pdf>
Package pdftex.def Info: bmr18389/LocalTc.800.0.fig0.pdf  used on input line 17
05.
(pdftex.def)             Requested size: 97.71951pt x 111.13734pt.
<bmr18389/LocalTc.800.0.fig1.pdf, id=11305, 361.35pt x 216.81pt>
File: bmr18389/LocalTc.800.0.fig1.pdf Graphic file (type pdf)
<use bmr18389/LocalTc.800.0.fig1.pdf>
Package pdftex.def Info: bmr18389/LocalTc.800.0.fig1.pdf  used on input line 17
06.
(pdftex.def)             Requested size: 97.71951pt x 111.13734pt.
<bmr18389/LocalTc.800.0.fig2.pdf, id=11306, 361.35pt x 216.81pt>
File: bmr18389/LocalTc.800.0.fig2.pdf Graphic file (type pdf)
<use bmr18389/LocalTc.800.0.fig2.pdf>
Package pdftex.def Info: bmr18389/LocalTc.800.0.fig2.pdf  used on input line 17
07.
(pdftex.def)             Requested size: 97.71951pt x 111.13734pt.
<bmr18389/LocalTc.800.0.fig3.pdf, id=11307, 361.35pt x 216.81pt>
File: bmr18389/LocalTc.800.0.fig3.pdf Graphic file (type pdf)
<use bmr18389/LocalTc.800.0.fig3.pdf>
Package pdftex.def Info: bmr18389/LocalTc.800.0.fig3.pdf  used on input line 17
08.
(pdftex.def)             Requested size: 97.71951pt x 111.13734pt.
<bmr18389/LocalTc.800.0.fig4.pdf, id=11308, 361.35pt x 216.81pt>
File: bmr18389/LocalTc.800.0.fig4.pdf Graphic file (type pdf)
<use bmr18389/LocalTc.800.0.fig4.pdf>
Package pdftex.def Info: bmr18389/LocalTc.800.0.fig4.pdf  used on input line 17
09.
(pdftex.def)             Requested size: 97.71951pt x 111.13734pt.

Overfull \hbox (13.78955pt too wide) in paragraph at lines 1705--1710
[] [] [] [] [] 
 []

<bmr18388/LocalTc.600.0.fig0.pdf, id=11309, 361.35pt x 216.81pt>
File: bmr18388/LocalTc.600.0.fig0.pdf Graphic file (type pdf)
<use bmr18388/LocalTc.600.0.fig0.pdf>
Package pdftex.def Info: bmr18388/LocalTc.600.0.fig0.pdf  used on input line 17
33.
(pdftex.def)             Requested size: 97.71951pt x 111.13734pt.
<bmr18388/LocalTc.600.0.fig1.pdf, id=11310, 361.35pt x 216.81pt>
File: bmr18388/LocalTc.600.0.fig1.pdf Graphic file (type pdf)
<use bmr18388/LocalTc.600.0.fig1.pdf>
Package pdftex.def Info: bmr18388/LocalTc.600.0.fig1.pdf  used on input line 17
34.
(pdftex.def)             Requested size: 97.71951pt x 111.13734pt.
<bmr18388/LocalTc.600.0.fig2.pdf, id=11311, 361.35pt x 216.81pt>
File: bmr18388/LocalTc.600.0.fig2.pdf Graphic file (type pdf)
<use bmr18388/LocalTc.600.0.fig2.pdf>
Package pdftex.def Info: bmr18388/LocalTc.600.0.fig2.pdf  used on input line 17
35.
(pdftex.def)             Requested size: 97.71951pt x 111.13734pt.
<bmr18388/LocalTc.600.0.fig3.pdf, id=11312, 361.35pt x 216.81pt>
File: bmr18388/LocalTc.600.0.fig3.pdf Graphic file (type pdf)
<use bmr18388/LocalTc.600.0.fig3.pdf>
Package pdftex.def Info: bmr18388/LocalTc.600.0.fig3.pdf  used on input line 17
36.
(pdftex.def)             Requested size: 97.71951pt x 111.13734pt.
<bmr18388/LocalTc.600.0.fig4.pdf, id=11313, 361.35pt x 216.81pt>
File: bmr18388/LocalTc.600.0.fig4.pdf Graphic file (type pdf)
<use bmr18388/LocalTc.600.0.fig4.pdf>
Package pdftex.def Info: bmr18388/LocalTc.600.0.fig4.pdf  used on input line 17
37.
(pdftex.def)             Requested size: 97.71951pt x 111.13734pt.

Overfull \hbox (13.78955pt too wide) in paragraph at lines 1733--1738
[] [] [] [] [] 
 []



[29 <./bmr4366/LocalTc.899.894.fig0.pdf> <./bmr4366/LocalTc.899.894.fig1.pdf

pdfTeX warning: pdflatex (file ./bmr4366/LocalTc.899.894.fig1.pdf): PDF inclusi
on: multiple pdfs with page group included in a single page
> <./bmr4366/LocalTc.899.894.fig2.pdf

pdfTeX warning: pdflatex (file ./bmr4366/LocalTc.899.894.fig2.pdf): PDF inclusi
on: multiple pdfs with page group included in a single page
> <./bmr4366/LocalTc.899.894.fig3.pdf

pdfTeX warning: pdflatex (file ./bmr4366/LocalTc.899.894.fig3.pdf): PDF inclusi
on: multiple pdfs with page group included in a single page
> <./bmr4366/LocalTc.899.894.fig4.pdf

pdfTeX warning: pdflatex (file ./bmr4366/LocalTc.899.894.fig4.pdf): PDF inclusi
on: multiple pdfs with page group included in a single page
> <./bmr18389/LocalTc.800.0.fig0.pdf

pdfTeX warning: pdflatex (file ./bmr18389/LocalTc.800.0.fig0.pdf): PDF inclusio
n: multiple pdfs with page group included in a single page
> <./bmr18389/LocalTc.800.0.fig1.pdf

pdfTeX warning: pdflatex (file ./bmr18389/LocalTc.800.0.fig1.pdf): PDF inclusio
n: multiple pdfs with page group included in a single page
> <./bmr18389/LocalTc.800.0.fig2.pdf

pdfTeX warning: pdflatex (file ./bmr18389/LocalTc.800.0.fig2.pdf): PDF inclusio
n: multiple pdfs with page group included in a single page
> <./bmr18389/LocalTc.800.0.fig3.pdf

pdfTeX warning: pdflatex (file ./bmr18389/LocalTc.800.0.fig3.pdf): PDF inclusio
n: multiple pdfs with page group included in a single page
> <./bmr18389/LocalTc.800.0.fig4.pdf

pdfTeX warning: pdflatex (file ./bmr18389/LocalTc.800.0.fig4.pdf): PDF inclusio
n: multiple pdfs with page group included in a single page
>]
Overfull \hbox (133.46298pt too wide) in paragraph at lines 1738--1738
[]\OT1/cmr/bx/n/12 bmr5153: N-terminal do-main of Tis-sue In-hibitor of Metallo
proteinases-1/MatrixMetalloProteinase-
 []

<bmr5153/LocalTc.500.0.fig0.pdf, id=11589, 361.35pt x 216.81pt>
File: bmr5153/LocalTc.500.0.fig0.pdf Graphic file (type pdf)
<use bmr5153/LocalTc.500.0.fig0.pdf>
Package pdftex.def Info: bmr5153/LocalTc.500.0.fig0.pdf  used on input line 176
1.
(pdftex.def)             Requested size: 97.71951pt x 111.13734pt.
<bmr5153/LocalTc.500.0.fig1.pdf, id=11590, 361.35pt x 216.81pt>
File: bmr5153/LocalTc.500.0.fig1.pdf Graphic file (type pdf)
<use bmr5153/LocalTc.500.0.fig1.pdf>
Package pdftex.def Info: bmr5153/LocalTc.500.0.fig1.pdf  used on input line 176
2.
(pdftex.def)             Requested size: 97.71951pt x 111.13734pt.
<bmr5153/LocalTc.500.0.fig2.pdf, id=11591, 361.35pt x 216.81pt>
File: bmr5153/LocalTc.500.0.fig2.pdf Graphic file (type pdf)
<use bmr5153/LocalTc.500.0.fig2.pdf>
Package pdftex.def Info: bmr5153/LocalTc.500.0.fig2.pdf  used on input line 176
3.
(pdftex.def)             Requested size: 97.71951pt x 111.13734pt.
<bmr5153/LocalTc.500.0.fig3.pdf, id=11592, 361.35pt x 216.81pt>
File: bmr5153/LocalTc.500.0.fig3.pdf Graphic file (type pdf)
<use bmr5153/LocalTc.500.0.fig3.pdf>
Package pdftex.def Info: bmr5153/LocalTc.500.0.fig3.pdf  used on input line 176
4.
(pdftex.def)             Requested size: 97.71951pt x 111.13734pt.
<bmr5153/LocalTc.500.0.fig4.pdf, id=11593, 361.35pt x 216.81pt>
File: bmr5153/LocalTc.500.0.fig4.pdf Graphic file (type pdf)
<use bmr5153/LocalTc.500.0.fig4.pdf>
Package pdftex.def Info: bmr5153/LocalTc.500.0.fig4.pdf  used on input line 176
5.
(pdftex.def)             Requested size: 97.71951pt x 111.13734pt.

Overfull \hbox (13.78955pt too wide) in paragraph at lines 1761--1766
[] [] [] [] [] 
 []

<bmr27646/LocalTc.600.0.fig0.pdf, id=11594, 361.35pt x 216.81pt>
File: bmr27646/LocalTc.600.0.fig0.pdf Graphic file (type pdf)
<use bmr27646/LocalTc.600.0.fig0.pdf>
Package pdftex.def Info: bmr27646/LocalTc.600.0.fig0.pdf  used on input line 17
89.
(pdftex.def)             Requested size: 97.71951pt x 111.13734pt.
<bmr27646/LocalTc.600.0.fig1.pdf, id=11595, 361.35pt x 216.81pt>
File: bmr27646/LocalTc.600.0.fig1.pdf Graphic file (type pdf)
<use bmr27646/LocalTc.600.0.fig1.pdf>
Package pdftex.def Info: bmr27646/LocalTc.600.0.fig1.pdf  used on input line 17
90.
(pdftex.def)             Requested size: 97.71951pt x 111.13734pt.
<bmr27646/LocalTc.600.0.fig2.pdf, id=11596, 361.35pt x 216.81pt>
File: bmr27646/LocalTc.600.0.fig2.pdf Graphic file (type pdf)
<use bmr27646/LocalTc.600.0.fig2.pdf>
Package pdftex.def Info: bmr27646/LocalTc.600.0.fig2.pdf  used on input line 17
91.
(pdftex.def)             Requested size: 97.71951pt x 111.13734pt.
<bmr27646/LocalTc.600.0.fig3.pdf, id=11597, 361.35pt x 216.81pt>
File: bmr27646/LocalTc.600.0.fig3.pdf Graphic file (type pdf)
<use bmr27646/LocalTc.600.0.fig3.pdf>
Package pdftex.def Info: bmr27646/LocalTc.600.0.fig3.pdf  used on input line 17
92.
(pdftex.def)             Requested size: 97.71951pt x 111.13734pt.
<bmr27646/LocalTc.600.0.fig4.pdf, id=11598, 361.35pt x 216.81pt>
File: bmr27646/LocalTc.600.0.fig4.pdf Graphic file (type pdf)
<use bmr27646/LocalTc.600.0.fig4.pdf>
Package pdftex.def Info: bmr27646/LocalTc.600.0.fig4.pdf  used on input line 17
93.
(pdftex.def)             Requested size: 97.71951pt x 111.13734pt.

Overfull \hbox (13.78955pt too wide) in paragraph at lines 1789--1794
[] [] [] [] [] 
 []



[30 <./bmr18388/LocalTc.600.0.fig0.pdf> <./bmr18388/LocalTc.600.0.fig1.pdf

pdfTeX warning: pdflatex (file ./bmr18388/LocalTc.600.0.fig1.pdf): PDF inclusio
n: multiple pdfs with page group included in a single page
> <./bmr18388/LocalTc.600.0.fig2.pdf

pdfTeX warning: pdflatex (file ./bmr18388/LocalTc.600.0.fig2.pdf): PDF inclusio
n: multiple pdfs with page group included in a single page
> <./bmr18388/LocalTc.600.0.fig3.pdf

pdfTeX warning: pdflatex (file ./bmr18388/LocalTc.600.0.fig3.pdf): PDF inclusio
n: multiple pdfs with page group included in a single page
> <./bmr18388/LocalTc.600.0.fig4.pdf

pdfTeX warning: pdflatex (file ./bmr18388/LocalTc.600.0.fig4.pdf): PDF inclusio
n: multiple pdfs with page group included in a single page
> <./bmr5153/LocalTc.500.0.fig0.pdf

pdfTeX warning: pdflatex (file ./bmr5153/LocalTc.500.0.fig0.pdf): PDF inclusion
: multiple pdfs with page group included in a single page
> <./bmr5153/LocalTc.500.0.fig1.pdf

pdfTeX warning: pdflatex (file ./bmr5153/LocalTc.500.0.fig1.pdf): PDF inclusion
: multiple pdfs with page group included in a single page
> <./bmr5153/LocalTc.500.0.fig2.pdf

pdfTeX warning: pdflatex (file ./bmr5153/LocalTc.500.0.fig2.pdf): PDF inclusion
: multiple pdfs with page group included in a single page
> <./bmr5153/LocalTc.500.0.fig3.pdf

pdfTeX warning: pdflatex (file ./bmr5153/LocalTc.500.0.fig3.pdf): PDF inclusion
: multiple pdfs with page group included in a single page
> <./bmr5153/LocalTc.500.0.fig4.pdf

pdfTeX warning: pdflatex (file ./bmr5153/LocalTc.500.0.fig4.pdf): PDF inclusion
: multiple pdfs with page group included in a single page
> <./bmr27646/LocalTc.600.0.fig0.pdf

pdfTeX warning: pdflatex (file ./bmr27646/LocalTc.600.0.fig0.pdf): PDF inclusio
n: multiple pdfs with page group included in a single page
> <./bmr27646/LocalTc.600.0.fig1.pdf

pdfTeX warning: pdflatex (file ./bmr27646/LocalTc.600.0.fig1.pdf): PDF inclusio
n: multiple pdfs with page group included in a single page
> <./bmr27646/LocalTc.600.0.fig2.pdf

pdfTeX warning: pdflatex (file ./bmr27646/LocalTc.600.0.fig2.pdf): PDF inclusio
n: multiple pdfs with page group included in a single page
> <./bmr27646/LocalTc.600.0.fig3.pdf

pdfTeX warning: pdflatex (file ./bmr27646/LocalTc.600.0.fig3.pdf): PDF inclusio
n: multiple pdfs with page group included in a single page
> <./bmr27646/LocalTc.600.0.fig4.pdf

pdfTeX warning: pdflatex (file ./bmr27646/LocalTc.600.0.fig4.pdf): PDF inclusio
n: multiple pdfs with page group included in a single page
>]
Overfull \hbox (24.08601pt too wide) in paragraph at lines 1805--1815
[]
 []


Underfull \hbox (badness 10000) in paragraph at lines 1805--1815

 []

<bmr4267/LocalTc.600.0.fig0.pdf, id=12011, 361.35pt x 216.81pt>
File: bmr4267/LocalTc.600.0.fig0.pdf Graphic file (type pdf)
<use bmr4267/LocalTc.600.0.fig0.pdf>
Package pdftex.def Info: bmr4267/LocalTc.600.0.fig0.pdf  used on input line 181
7.
(pdftex.def)             Requested size: 97.71951pt x 111.13734pt.
<bmr4267/LocalTc.600.0.fig1.pdf, id=12012, 361.35pt x 216.81pt>
File: bmr4267/LocalTc.600.0.fig1.pdf Graphic file (type pdf)
<use bmr4267/LocalTc.600.0.fig1.pdf>
Package pdftex.def Info: bmr4267/LocalTc.600.0.fig1.pdf  used on input line 181
8.
(pdftex.def)             Requested size: 97.71951pt x 111.13734pt.
<bmr4267/LocalTc.600.0.fig2.pdf, id=12013, 361.35pt x 216.81pt>
File: bmr4267/LocalTc.600.0.fig2.pdf Graphic file (type pdf)
<use bmr4267/LocalTc.600.0.fig2.pdf>
Package pdftex.def Info: bmr4267/LocalTc.600.0.fig2.pdf  used on input line 181
9.
(pdftex.def)             Requested size: 97.71951pt x 111.13734pt.
<bmr4267/LocalTc.600.0.fig3.pdf, id=12014, 361.35pt x 216.81pt>
File: bmr4267/LocalTc.600.0.fig3.pdf Graphic file (type pdf)
<use bmr4267/LocalTc.600.0.fig3.pdf>
Package pdftex.def Info: bmr4267/LocalTc.600.0.fig3.pdf  used on input line 182
0.
(pdftex.def)             Requested size: 97.71951pt x 111.13734pt.
<bmr4267/LocalTc.600.0.fig4.pdf, id=12015, 361.35pt x 216.81pt>
File: bmr4267/LocalTc.600.0.fig4.pdf Graphic file (type pdf)
<use bmr4267/LocalTc.600.0.fig4.pdf>
Package pdftex.def Info: bmr4267/LocalTc.600.0.fig4.pdf  used on input line 182
1.
(pdftex.def)             Requested size: 97.71951pt x 111.13734pt.
<bmr4267/LocalTc.750.0.fig0.pdf, id=12016, 361.35pt x 216.81pt>
File: bmr4267/LocalTc.750.0.fig0.pdf Graphic file (type pdf)
<use bmr4267/LocalTc.750.0.fig0.pdf>
Package pdftex.def Info: bmr4267/LocalTc.750.0.fig0.pdf  used on input line 182
2.
(pdftex.def)             Requested size: 97.71951pt x 111.13734pt.
<bmr4267/LocalTc.750.0.fig1.pdf, id=12017, 361.35pt x 216.81pt>
File: bmr4267/LocalTc.750.0.fig1.pdf Graphic file (type pdf)
<use bmr4267/LocalTc.750.0.fig1.pdf>
Package pdftex.def Info: bmr4267/LocalTc.750.0.fig1.pdf  used on input line 182
3.
(pdftex.def)             Requested size: 97.71951pt x 111.13734pt.
<bmr4267/LocalTc.750.0.fig2.pdf, id=12018, 361.35pt x 216.81pt>
File: bmr4267/LocalTc.750.0.fig2.pdf Graphic file (type pdf)
<use bmr4267/LocalTc.750.0.fig2.pdf>
Package pdftex.def Info: bmr4267/LocalTc.750.0.fig2.pdf  used on input line 182
4.
(pdftex.def)             Requested size: 97.71951pt x 111.13734pt.
<bmr4267/LocalTc.750.0.fig3.pdf, id=12019, 361.35pt x 216.81pt>
File: bmr4267/LocalTc.750.0.fig3.pdf Graphic file (type pdf)
<use bmr4267/LocalTc.750.0.fig3.pdf>
Package pdftex.def Info: bmr4267/LocalTc.750.0.fig3.pdf  used on input line 182
5.
(pdftex.def)             Requested size: 97.71951pt x 111.13734pt.
<bmr4267/LocalTc.750.0.fig4.pdf, id=12020, 361.35pt x 216.81pt>
File: bmr4267/LocalTc.750.0.fig4.pdf Graphic file (type pdf)
<use bmr4267/LocalTc.750.0.fig4.pdf>
Package pdftex.def Info: bmr4267/LocalTc.750.0.fig4.pdf  used on input line 182
6.
(pdftex.def)             Requested size: 97.71951pt x 111.13734pt.
File: bmr4267/LocalTc.600.0.fig0.pdf Graphic file (type pdf)
<use bmr4267/LocalTc.600.0.fig0.pdf>
Package pdftex.def Info: bmr4267/LocalTc.600.0.fig0.pdf  used on input line 182
7.
(pdftex.def)             Requested size: 97.71951pt x 111.13734pt.
File: bmr4267/LocalTc.600.0.fig1.pdf Graphic file (type pdf)
<use bmr4267/LocalTc.600.0.fig1.pdf>
Package pdftex.def Info: bmr4267/LocalTc.600.0.fig1.pdf  used on input line 182
8.
(pdftex.def)             Requested size: 97.71951pt x 111.13734pt.
File: bmr4267/LocalTc.600.0.fig2.pdf Graphic file (type pdf)
<use bmr4267/LocalTc.600.0.fig2.pdf>
Package pdftex.def Info: bmr4267/LocalTc.600.0.fig2.pdf  used on input line 182
9.
(pdftex.def)             Requested size: 97.71951pt x 111.13734pt.
File: bmr4267/LocalTc.600.0.fig3.pdf Graphic file (type pdf)
<use bmr4267/LocalTc.600.0.fig3.pdf>
Package pdftex.def Info: bmr4267/LocalTc.600.0.fig3.pdf  used on input line 183
0.
(pdftex.def)             Requested size: 97.71951pt x 111.13734pt.
File: bmr4267/LocalTc.600.0.fig4.pdf Graphic file (type pdf)
<use bmr4267/LocalTc.600.0.fig4.pdf>
Package pdftex.def Info: bmr4267/LocalTc.600.0.fig4.pdf  used on input line 183
1.
(pdftex.def)             Requested size: 97.71951pt x 111.13734pt.

Overfull \hbox (13.78955pt too wide) in paragraph at lines 1817--1832
[] [] [] [] []
 []


Overfull \hbox (13.78955pt too wide) in paragraph at lines 1817--1832
[] [] [] [] []
 []


Overfull \hbox (13.78955pt too wide) in paragraph at lines 1817--1832
[] [] [] [] [] 
 []

<bmr15230/LocalTc.500.0.fig0.pdf, id=12021, 361.35pt x 216.81pt>
File: bmr15230/LocalTc.500.0.fig0.pdf Graphic file (type pdf)
<use bmr15230/LocalTc.500.0.fig0.pdf>
Package pdftex.def Info: bmr15230/LocalTc.500.0.fig0.pdf  used on input line 18
55.
(pdftex.def)             Requested size: 97.71951pt x 111.13734pt.
<bmr15230/LocalTc.500.0.fig1.pdf, id=12022, 361.35pt x 216.81pt>
File: bmr15230/LocalTc.500.0.fig1.pdf Graphic file (type pdf)
<use bmr15230/LocalTc.500.0.fig1.pdf>
Package pdftex.def Info: bmr15230/LocalTc.500.0.fig1.pdf  used on input line 18
56.
(pdftex.def)             Requested size: 97.71951pt x 111.13734pt.
<bmr15230/LocalTc.500.0.fig2.pdf, id=12023, 361.35pt x 216.81pt>
File: bmr15230/LocalTc.500.0.fig2.pdf Graphic file (type pdf)
<use bmr15230/LocalTc.500.0.fig2.pdf>
Package pdftex.def Info: bmr15230/LocalTc.500.0.fig2.pdf  used on input line 18
57.
(pdftex.def)             Requested size: 97.71951pt x 111.13734pt.
<bmr15230/LocalTc.500.0.fig3.pdf, id=12024, 361.35pt x 216.81pt>
File: bmr15230/LocalTc.500.0.fig3.pdf Graphic file (type pdf)
<use bmr15230/LocalTc.500.0.fig3.pdf>
Package pdftex.def Info: bmr15230/LocalTc.500.0.fig3.pdf  used on input line 18
58.
(pdftex.def)             Requested size: 97.71951pt x 111.13734pt.
<bmr15230/LocalTc.500.0.fig4.pdf, id=12025, 361.35pt x 216.81pt>
File: bmr15230/LocalTc.500.0.fig4.pdf Graphic file (type pdf)
<use bmr15230/LocalTc.500.0.fig4.pdf>
Package pdftex.def Info: bmr15230/LocalTc.500.0.fig4.pdf  used on input line 18
59.
(pdftex.def)             Requested size: 97.71951pt x 111.13734pt.

Overfull \hbox (13.78955pt too wide) in paragraph at lines 1855--1860
[] [] [] [] [] 
 []



[31 <./bmr4267/LocalTc.600.0.fig0.pdf> <./bmr4267/LocalTc.600.0.fig1.pdf

pdfTeX warning: pdflatex (file ./bmr4267/LocalTc.600.0.fig1.pdf): PDF inclusion
: multiple pdfs with page group included in a single page
> <./bmr4267/LocalTc.600.0.fig2.pdf

pdfTeX warning: pdflatex (file ./bmr4267/LocalTc.600.0.fig2.pdf): PDF inclusion
: multiple pdfs with page group included in a single page
> <./bmr4267/LocalTc.600.0.fig3.pdf

pdfTeX warning: pdflatex (file ./bmr4267/LocalTc.600.0.fig3.pdf): PDF inclusion
: multiple pdfs with page group included in a single page
> <./bmr4267/LocalTc.600.0.fig4.pdf

pdfTeX warning: pdflatex (file ./bmr4267/LocalTc.600.0.fig4.pdf): PDF inclusion
: multiple pdfs with page group included in a single page
> <./bmr4267/LocalTc.750.0.fig0.pdf

pdfTeX warning: pdflatex (file ./bmr4267/LocalTc.750.0.fig0.pdf): PDF inclusion
: multiple pdfs with page group included in a single page
> <./bmr4267/LocalTc.750.0.fig1.pdf

pdfTeX warning: pdflatex (file ./bmr4267/LocalTc.750.0.fig1.pdf): PDF inclusion
: multiple pdfs with page group included in a single page
> <./bmr4267/LocalTc.750.0.fig2.pdf

pdfTeX warning: pdflatex (file ./bmr4267/LocalTc.750.0.fig2.pdf): PDF inclusion
: multiple pdfs with page group included in a single page
> <./bmr4267/LocalTc.750.0.fig3.pdf

pdfTeX warning: pdflatex (file ./bmr4267/LocalTc.750.0.fig3.pdf): PDF inclusion
: multiple pdfs with page group included in a single page
> <./bmr4267/LocalTc.750.0.fig4.pdf

pdfTeX warning: pdflatex (file ./bmr4267/LocalTc.750.0.fig4.pdf): PDF inclusion
: multiple pdfs with page group included in a single page
>]
! Missing $ inserted.
<inserted text> 
                $
l.1860 \noindent \subsection{bmr18477: A.fAglB_S2}
                                                  
I've inserted a begin-math/end-math symbol since I think
you left one out. Proceed, with fingers crossed.

! Missing $ inserted.
<inserted text> 
                $
l.1860 \noindent \subsection{bmr18477: A.fAglB_S2}
                                                  
I've inserted a begin-math/end-math symbol since I think
you left one out. Proceed, with fingers crossed.

<bmr18477/LocalTc.499.98.fig0.pdf, id=12303, 361.35pt x 216.81pt>
File: bmr18477/LocalTc.499.98.fig0.pdf Graphic file (type pdf)
<use bmr18477/LocalTc.499.98.fig0.pdf>
Package pdftex.def Info: bmr18477/LocalTc.499.98.fig0.pdf  used on input line 1
883.
(pdftex.def)             Requested size: 97.71951pt x 111.13734pt.
<bmr18477/LocalTc.499.98.fig1.pdf, id=12304, 361.35pt x 216.81pt>
File: bmr18477/LocalTc.499.98.fig1.pdf Graphic file (type pdf)
<use bmr18477/LocalTc.499.98.fig1.pdf>
Package pdftex.def Info: bmr18477/LocalTc.499.98.fig1.pdf  used on input line 1
884.
(pdftex.def)             Requested size: 97.71951pt x 111.13734pt.
<bmr18477/LocalTc.499.98.fig2.pdf, id=12305, 361.35pt x 216.81pt>
File: bmr18477/LocalTc.499.98.fig2.pdf Graphic file (type pdf)
<use bmr18477/LocalTc.499.98.fig2.pdf>
Package pdftex.def Info: bmr18477/LocalTc.499.98.fig2.pdf  used on input line 1
885.
(pdftex.def)             Requested size: 97.71951pt x 111.13734pt.
<bmr18477/LocalTc.499.98.fig3.pdf, id=12306, 361.35pt x 216.81pt>
File: bmr18477/LocalTc.499.98.fig3.pdf Graphic file (type pdf)
<use bmr18477/LocalTc.499.98.fig3.pdf>
Package pdftex.def Info: bmr18477/LocalTc.499.98.fig3.pdf  used on input line 1
886.
(pdftex.def)             Requested size: 97.71951pt x 111.13734pt.
<bmr18477/LocalTc.499.98.fig4.pdf, id=12307, 361.35pt x 216.81pt>
File: bmr18477/LocalTc.499.98.fig4.pdf Graphic file (type pdf)
<use bmr18477/LocalTc.499.98.fig4.pdf>
Package pdftex.def Info: bmr18477/LocalTc.499.98.fig4.pdf  used on input line 1
887.
(pdftex.def)             Requested size: 97.71951pt x 111.13734pt.
<bmr18477/LocalTc.600.0.fig0.pdf, id=12308, 361.35pt x 216.81pt>
File: bmr18477/LocalTc.600.0.fig0.pdf Graphic file (type pdf)
<use bmr18477/LocalTc.600.0.fig0.pdf>
Package pdftex.def Info: bmr18477/LocalTc.600.0.fig0.pdf  used on input line 18
88.
(pdftex.def)             Requested size: 97.71951pt x 111.13734pt.
<bmr18477/LocalTc.600.0.fig1.pdf, id=12309, 361.35pt x 216.81pt>
File: bmr18477/LocalTc.600.0.fig1.pdf Graphic file (type pdf)
<use bmr18477/LocalTc.600.0.fig1.pdf>
Package pdftex.def Info: bmr18477/LocalTc.600.0.fig1.pdf  used on input line 18
89.
(pdftex.def)             Requested size: 97.71951pt x 111.13734pt.
<bmr18477/LocalTc.600.0.fig2.pdf, id=12310, 361.35pt x 216.81pt>
File: bmr18477/LocalTc.600.0.fig2.pdf Graphic file (type pdf)
<use bmr18477/LocalTc.600.0.fig2.pdf>
Package pdftex.def Info: bmr18477/LocalTc.600.0.fig2.pdf  used on input line 18
90.
(pdftex.def)             Requested size: 97.71951pt x 111.13734pt.
<bmr18477/LocalTc.600.0.fig3.pdf, id=12311, 361.35pt x 216.81pt>
File: bmr18477/LocalTc.600.0.fig3.pdf Graphic file (type pdf)
<use bmr18477/LocalTc.600.0.fig3.pdf>
Package pdftex.def Info: bmr18477/LocalTc.600.0.fig3.pdf  used on input line 18
91.
(pdftex.def)             Requested size: 97.71951pt x 111.13734pt.
<bmr18477/LocalTc.600.0.fig4.pdf, id=12312, 361.35pt x 216.81pt>
File: bmr18477/LocalTc.600.0.fig4.pdf Graphic file (type pdf)
<use bmr18477/LocalTc.600.0.fig4.pdf>
Package pdftex.def Info: bmr18477/LocalTc.600.0.fig4.pdf  used on input line 18
92.
(pdftex.def)             Requested size: 97.71951pt x 111.13734pt.

Overfull \hbox (13.78955pt too wide) in paragraph at lines 1883--1893
[] [] [] [] []
 []


Overfull \hbox (13.78955pt too wide) in paragraph at lines 1883--1893
[] [] [] [] [] 
 []

<bmr4689/LocalTc.600.0.fig0.pdf, id=12313, 361.35pt x 216.81pt>
File: bmr4689/LocalTc.600.0.fig0.pdf Graphic file (type pdf)
<use bmr4689/LocalTc.600.0.fig0.pdf>
Package pdftex.def Info: bmr4689/LocalTc.600.0.fig0.pdf  used on input line 191
6.
(pdftex.def)             Requested size: 97.71951pt x 111.13734pt.
<bmr4689/LocalTc.600.0.fig1.pdf, id=12314, 361.35pt x 216.81pt>
File: bmr4689/LocalTc.600.0.fig1.pdf Graphic file (type pdf)
<use bmr4689/LocalTc.600.0.fig1.pdf>
Package pdftex.def Info: bmr4689/LocalTc.600.0.fig1.pdf  used on input line 191
7.
(pdftex.def)             Requested size: 97.71951pt x 111.13734pt.
<bmr4689/LocalTc.600.0.fig2.pdf, id=12315, 361.35pt x 216.81pt>
File: bmr4689/LocalTc.600.0.fig2.pdf Graphic file (type pdf)
<use bmr4689/LocalTc.600.0.fig2.pdf>
Package pdftex.def Info: bmr4689/LocalTc.600.0.fig2.pdf  used on input line 191
8.
(pdftex.def)             Requested size: 97.71951pt x 111.13734pt.
<bmr4689/LocalTc.600.0.fig3.pdf, id=12316, 361.35pt x 216.81pt>
File: bmr4689/LocalTc.600.0.fig3.pdf Graphic file (type pdf)
<use bmr4689/LocalTc.600.0.fig3.pdf>
Package pdftex.def Info: bmr4689/LocalTc.600.0.fig3.pdf  used on input line 191
9.
(pdftex.def)             Requested size: 97.71951pt x 111.13734pt.
<bmr4689/LocalTc.600.0.fig4.pdf, id=12317, 361.35pt x 216.81pt>
File: bmr4689/LocalTc.600.0.fig4.pdf Graphic file (type pdf)
<use bmr4689/LocalTc.600.0.fig4.pdf>
Package pdftex.def Info: bmr4689/LocalTc.600.0.fig4.pdf  used on input line 192
0.
(pdftex.def)             Requested size: 97.71951pt x 111.13734pt.

Overfull \hbox (13.78955pt too wide) in paragraph at lines 1916--1921
[] [] [] [] [] 
 []



[32 <./bmr15230/LocalTc.500.0.fig0.pdf> <./bmr15230/LocalTc.500.0.fig1.pdf

pdfTeX warning: pdflatex (file ./bmr15230/LocalTc.500.0.fig1.pdf): PDF inclusio
n: multiple pdfs with page group included in a single page
> <./bmr15230/LocalTc.500.0.fig2.pdf

pdfTeX warning: pdflatex (file ./bmr15230/LocalTc.500.0.fig2.pdf): PDF inclusio
n: multiple pdfs with page group included in a single page
> <./bmr15230/LocalTc.500.0.fig3.pdf

pdfTeX warning: pdflatex (file ./bmr15230/LocalTc.500.0.fig3.pdf): PDF inclusio
n: multiple pdfs with page group included in a single page
> <./bmr15230/LocalTc.500.0.fig4.pdf

pdfTeX warning: pdflatex (file ./bmr15230/LocalTc.500.0.fig4.pdf): PDF inclusio
n: multiple pdfs with page group included in a single page
> <./bmr18477/LocalTc.499.98.fig0.pdf

pdfTeX warning: pdflatex (file ./bmr18477/LocalTc.499.98.fig0.pdf): PDF inclusi
on: multiple pdfs with page group included in a single page
> <./bmr18477/LocalTc.499.98.fig1.pdf

pdfTeX warning: pdflatex (file ./bmr18477/LocalTc.499.98.fig1.pdf): PDF inclusi
on: multiple pdfs with page group included in a single page
> <./bmr18477/LocalTc.499.98.fig2.pdf

pdfTeX warning: pdflatex (file ./bmr18477/LocalTc.499.98.fig2.pdf): PDF inclusi
on: multiple pdfs with page group included in a single page
> <./bmr18477/LocalTc.499.98.fig3.pdf

pdfTeX warning: pdflatex (file ./bmr18477/LocalTc.499.98.fig3.pdf): PDF inclusi
on: multiple pdfs with page group included in a single page
> <./bmr18477/LocalTc.499.98.fig4.pdf

pdfTeX warning: pdflatex (file ./bmr18477/LocalTc.499.98.fig4.pdf): PDF inclusi
on: multiple pdfs with page group included in a single page
> <./bmr18477/LocalTc.600.0.fig0.pdf

pdfTeX warning: pdflatex (file ./bmr18477/LocalTc.600.0.fig0.pdf): PDF inclusio
n: multiple pdfs with page group included in a single page
> <./bmr18477/LocalTc.600.0.fig1.pdf

pdfTeX warning: pdflatex (file ./bmr18477/LocalTc.600.0.fig1.pdf): PDF inclusio
n: multiple pdfs with page group included in a single page
> <./bmr18477/LocalTc.600.0.fig2.pdf

pdfTeX warning: pdflatex (file ./bmr18477/LocalTc.600.0.fig2.pdf): PDF inclusio
n: multiple pdfs with page group included in a single page
> <./bmr18477/LocalTc.600.0.fig3.pdf

pdfTeX warning: pdflatex (file ./bmr18477/LocalTc.600.0.fig3.pdf): PDF inclusio
n: multiple pdfs with page group included in a single page
> <./bmr18477/LocalTc.600.0.fig4.pdf

pdfTeX warning: pdflatex (file ./bmr18477/LocalTc.600.0.fig4.pdf): PDF inclusio
n: multiple pdfs with page group included in a single page
>]
<bmr25025/LocalTc.600.0.fig0.pdf, id=12731, 361.35pt x 216.81pt>
File: bmr25025/LocalTc.600.0.fig0.pdf Graphic file (type pdf)
<use bmr25025/LocalTc.600.0.fig0.pdf>
Package pdftex.def Info: bmr25025/LocalTc.600.0.fig0.pdf  used on input line 19
44.
(pdftex.def)             Requested size: 97.71951pt x 111.13734pt.
<bmr25025/LocalTc.600.0.fig1.pdf, id=12732, 361.35pt x 216.81pt>
File: bmr25025/LocalTc.600.0.fig1.pdf Graphic file (type pdf)
<use bmr25025/LocalTc.600.0.fig1.pdf>
Package pdftex.def Info: bmr25025/LocalTc.600.0.fig1.pdf  used on input line 19
45.
(pdftex.def)             Requested size: 97.71951pt x 111.13734pt.
<bmr25025/LocalTc.600.0.fig2.pdf, id=12733, 361.35pt x 216.81pt>
File: bmr25025/LocalTc.600.0.fig2.pdf Graphic file (type pdf)
<use bmr25025/LocalTc.600.0.fig2.pdf>
Package pdftex.def Info: bmr25025/LocalTc.600.0.fig2.pdf  used on input line 19
46.
(pdftex.def)             Requested size: 97.71951pt x 111.13734pt.
<bmr25025/LocalTc.600.0.fig3.pdf, id=12734, 361.35pt x 216.81pt>
File: bmr25025/LocalTc.600.0.fig3.pdf Graphic file (type pdf)
<use bmr25025/LocalTc.600.0.fig3.pdf>
Package pdftex.def Info: bmr25025/LocalTc.600.0.fig3.pdf  used on input line 19
47.
(pdftex.def)             Requested size: 97.71951pt x 111.13734pt.
<bmr25025/LocalTc.600.0.fig4.pdf, id=12735, 361.35pt x 216.81pt>
File: bmr25025/LocalTc.600.0.fig4.pdf Graphic file (type pdf)
<use bmr25025/LocalTc.600.0.fig4.pdf>
Package pdftex.def Info: bmr25025/LocalTc.600.0.fig4.pdf  used on input line 19
48.
(pdftex.def)             Requested size: 97.71951pt x 111.13734pt.
<bmr25025/LocalTc.500.0.fig0.pdf, id=12736, 361.35pt x 216.81pt>
File: bmr25025/LocalTc.500.0.fig0.pdf Graphic file (type pdf)
<use bmr25025/LocalTc.500.0.fig0.pdf>
Package pdftex.def Info: bmr25025/LocalTc.500.0.fig0.pdf  used on input line 19
49.
(pdftex.def)             Requested size: 97.71951pt x 111.13734pt.
<bmr25025/LocalTc.500.0.fig1.pdf, id=12737, 361.35pt x 216.81pt>
File: bmr25025/LocalTc.500.0.fig1.pdf Graphic file (type pdf)
<use bmr25025/LocalTc.500.0.fig1.pdf>
Package pdftex.def Info: bmr25025/LocalTc.500.0.fig1.pdf  used on input line 19
50.
(pdftex.def)             Requested size: 97.71951pt x 111.13734pt.
<bmr25025/LocalTc.500.0.fig2.pdf, id=12738, 361.35pt x 216.81pt>
File: bmr25025/LocalTc.500.0.fig2.pdf Graphic file (type pdf)
<use bmr25025/LocalTc.500.0.fig2.pdf>
Package pdftex.def Info: bmr25025/LocalTc.500.0.fig2.pdf  used on input line 19
51.
(pdftex.def)             Requested size: 97.71951pt x 111.13734pt.
<bmr25025/LocalTc.500.0.fig3.pdf, id=12739, 361.35pt x 216.81pt>
File: bmr25025/LocalTc.500.0.fig3.pdf Graphic file (type pdf)
<use bmr25025/LocalTc.500.0.fig3.pdf>
Package pdftex.def Info: bmr25025/LocalTc.500.0.fig3.pdf  used on input line 19
52.
(pdftex.def)             Requested size: 97.71951pt x 111.13734pt.
<bmr25025/LocalTc.500.0.fig4.pdf, id=12740, 361.35pt x 216.81pt>
File: bmr25025/LocalTc.500.0.fig4.pdf Graphic file (type pdf)
<use bmr25025/LocalTc.500.0.fig4.pdf>
Package pdftex.def Info: bmr25025/LocalTc.500.0.fig4.pdf  used on input line 19
53.
(pdftex.def)             Requested size: 97.71951pt x 111.13734pt.

Overfull \hbox (13.78955pt too wide) in paragraph at lines 1944--1954
[] [] [] [] []
 []


Overfull \hbox (13.78955pt too wide) in paragraph at lines 1944--1954
[] [] [] [] [] 
 []

<bmr15097/LocalTc.750.46.fig0.pdf, id=12741, 361.35pt x 216.81pt>
File: bmr15097/LocalTc.750.46.fig0.pdf Graphic file (type pdf)
<use bmr15097/LocalTc.750.46.fig0.pdf>
Package pdftex.def Info: bmr15097/LocalTc.750.46.fig0.pdf  used on input line 1
977.
(pdftex.def)             Requested size: 97.71951pt x 111.13734pt.
<bmr15097/LocalTc.750.46.fig1.pdf, id=12742, 361.35pt x 216.81pt>
File: bmr15097/LocalTc.750.46.fig1.pdf Graphic file (type pdf)
<use bmr15097/LocalTc.750.46.fig1.pdf>
Package pdftex.def Info: bmr15097/LocalTc.750.46.fig1.pdf  used on input line 1
978.
(pdftex.def)             Requested size: 97.71951pt x 111.13734pt.
<bmr15097/LocalTc.750.46.fig2.pdf, id=12743, 361.35pt x 216.81pt>
File: bmr15097/LocalTc.750.46.fig2.pdf Graphic file (type pdf)
<use bmr15097/LocalTc.750.46.fig2.pdf>
Package pdftex.def Info: bmr15097/LocalTc.750.46.fig2.pdf  used on input line 1
979.
(pdftex.def)             Requested size: 97.71951pt x 111.13734pt.
<bmr15097/LocalTc.750.46.fig3.pdf, id=12744, 361.35pt x 216.81pt>
File: bmr15097/LocalTc.750.46.fig3.pdf Graphic file (type pdf)
<use bmr15097/LocalTc.750.46.fig3.pdf>
Package pdftex.def Info: bmr15097/LocalTc.750.46.fig3.pdf  used on input line 1
980.
(pdftex.def)             Requested size: 97.71951pt x 111.13734pt.
<bmr15097/LocalTc.750.46.fig4.pdf, id=12745, 361.35pt x 216.81pt>
File: bmr15097/LocalTc.750.46.fig4.pdf Graphic file (type pdf)
<use bmr15097/LocalTc.750.46.fig4.pdf>
Package pdftex.def Info: bmr15097/LocalTc.750.46.fig4.pdf  used on input line 1
981.
(pdftex.def)             Requested size: 97.71951pt x 111.13734pt.

Overfull \hbox (13.78955pt too wide) in paragraph at lines 1977--1982
[] [] [] [] [] 
 []



[33 <./bmr4689/LocalTc.600.0.fig0.pdf> <./bmr4689/LocalTc.600.0.fig1.pdf

pdfTeX warning: pdflatex (file ./bmr4689/LocalTc.600.0.fig1.pdf): PDF inclusion
: multiple pdfs with page group included in a single page
> <./bmr4689/LocalTc.600.0.fig2.pdf

pdfTeX warning: pdflatex (file ./bmr4689/LocalTc.600.0.fig2.pdf): PDF inclusion
: multiple pdfs with page group included in a single page
> <./bmr4689/LocalTc.600.0.fig3.pdf

pdfTeX warning: pdflatex (file ./bmr4689/LocalTc.600.0.fig3.pdf): PDF inclusion
: multiple pdfs with page group included in a single page
> <./bmr4689/LocalTc.600.0.fig4.pdf

pdfTeX warning: pdflatex (file ./bmr4689/LocalTc.600.0.fig4.pdf): PDF inclusion
: multiple pdfs with page group included in a single page
> <./bmr25025/LocalTc.600.0.fig0.pdf

pdfTeX warning: pdflatex (file ./bmr25025/LocalTc.600.0.fig0.pdf): PDF inclusio
n: multiple pdfs with page group included in a single page
> <./bmr25025/LocalTc.600.0.fig1.pdf

pdfTeX warning: pdflatex (file ./bmr25025/LocalTc.600.0.fig1.pdf): PDF inclusio
n: multiple pdfs with page group included in a single page
> <./bmr25025/LocalTc.600.0.fig2.pdf

pdfTeX warning: pdflatex (file ./bmr25025/LocalTc.600.0.fig2.pdf): PDF inclusio
n: multiple pdfs with page group included in a single page
> <./bmr25025/LocalTc.600.0.fig3.pdf

pdfTeX warning: pdflatex (file ./bmr25025/LocalTc.600.0.fig3.pdf): PDF inclusio
n: multiple pdfs with page group included in a single page
> <./bmr25025/LocalTc.600.0.fig4.pdf

pdfTeX warning: pdflatex (file ./bmr25025/LocalTc.600.0.fig4.pdf): PDF inclusio
n: multiple pdfs with page group included in a single page
> <./bmr25025/LocalTc.500.0.fig0.pdf

pdfTeX warning: pdflatex (file ./bmr25025/LocalTc.500.0.fig0.pdf): PDF inclusio
n: multiple pdfs with page group included in a single page
> <./bmr25025/LocalTc.500.0.fig1.pdf

pdfTeX warning: pdflatex (file ./bmr25025/LocalTc.500.0.fig1.pdf): PDF inclusio
n: multiple pdfs with page group included in a single page
> <./bmr25025/LocalTc.500.0.fig2.pdf

pdfTeX warning: pdflatex (file ./bmr25025/LocalTc.500.0.fig2.pdf): PDF inclusio
n: multiple pdfs with page group included in a single page
> <./bmr25025/LocalTc.500.0.fig3.pdf

pdfTeX warning: pdflatex (file ./bmr25025/LocalTc.500.0.fig3.pdf): PDF inclusio
n: multiple pdfs with page group included in a single page
> <./bmr25025/LocalTc.500.0.fig4.pdf

pdfTeX warning: pdflatex (file ./bmr25025/LocalTc.500.0.fig4.pdf): PDF inclusio
n: multiple pdfs with page group included in a single page
>]
<bmr5746/LocalTc.600.0.fig0.pdf, id=13158, 361.35pt x 216.81pt>
File: bmr5746/LocalTc.600.0.fig0.pdf Graphic file (type pdf)
<use bmr5746/LocalTc.600.0.fig0.pdf>
Package pdftex.def Info: bmr5746/LocalTc.600.0.fig0.pdf  used on input line 200
5.
(pdftex.def)             Requested size: 97.71951pt x 111.13734pt.
<bmr5746/LocalTc.600.0.fig1.pdf, id=13159, 361.35pt x 216.81pt>
File: bmr5746/LocalTc.600.0.fig1.pdf Graphic file (type pdf)
<use bmr5746/LocalTc.600.0.fig1.pdf>
Package pdftex.def Info: bmr5746/LocalTc.600.0.fig1.pdf  used on input line 200
6.
(pdftex.def)             Requested size: 97.71951pt x 111.13734pt.
<bmr5746/LocalTc.600.0.fig2.pdf, id=13160, 361.35pt x 216.81pt>
File: bmr5746/LocalTc.600.0.fig2.pdf Graphic file (type pdf)
<use bmr5746/LocalTc.600.0.fig2.pdf>
Package pdftex.def Info: bmr5746/LocalTc.600.0.fig2.pdf  used on input line 200
7.
(pdftex.def)             Requested size: 97.71951pt x 111.13734pt.
<bmr5746/LocalTc.600.0.fig3.pdf, id=13161, 361.35pt x 216.81pt>
File: bmr5746/LocalTc.600.0.fig3.pdf Graphic file (type pdf)
<use bmr5746/LocalTc.600.0.fig3.pdf>
Package pdftex.def Info: bmr5746/LocalTc.600.0.fig3.pdf  used on input line 200
8.
(pdftex.def)             Requested size: 97.71951pt x 111.13734pt.
<bmr5746/LocalTc.600.0.fig4.pdf, id=13162, 361.35pt x 216.81pt>
File: bmr5746/LocalTc.600.0.fig4.pdf Graphic file (type pdf)
<use bmr5746/LocalTc.600.0.fig4.pdf>
Package pdftex.def Info: bmr5746/LocalTc.600.0.fig4.pdf  used on input line 200
9.
(pdftex.def)             Requested size: 97.71951pt x 111.13734pt.
File: bmr5746/LocalTc.600.0.fig0.pdf Graphic file (type pdf)
<use bmr5746/LocalTc.600.0.fig0.pdf>
Package pdftex.def Info: bmr5746/LocalTc.600.0.fig0.pdf  used on input line 201
0.
(pdftex.def)             Requested size: 97.71951pt x 111.13734pt.
File: bmr5746/LocalTc.600.0.fig1.pdf Graphic file (type pdf)
<use bmr5746/LocalTc.600.0.fig1.pdf>
Package pdftex.def Info: bmr5746/LocalTc.600.0.fig1.pdf  used on input line 201
1.
(pdftex.def)             Requested size: 97.71951pt x 111.13734pt.
File: bmr5746/LocalTc.600.0.fig2.pdf Graphic file (type pdf)
<use bmr5746/LocalTc.600.0.fig2.pdf>
Package pdftex.def Info: bmr5746/LocalTc.600.0.fig2.pdf  used on input line 201
2.
(pdftex.def)             Requested size: 97.71951pt x 111.13734pt.
File: bmr5746/LocalTc.600.0.fig3.pdf Graphic file (type pdf)
<use bmr5746/LocalTc.600.0.fig3.pdf>
Package pdftex.def Info: bmr5746/LocalTc.600.0.fig3.pdf  used on input line 201
3.
(pdftex.def)             Requested size: 97.71951pt x 111.13734pt.
File: bmr5746/LocalTc.600.0.fig4.pdf Graphic file (type pdf)
<use bmr5746/LocalTc.600.0.fig4.pdf>
Package pdftex.def Info: bmr5746/LocalTc.600.0.fig4.pdf  used on input line 201
4.
(pdftex.def)             Requested size: 97.71951pt x 111.13734pt.

Overfull \hbox (13.78955pt too wide) in paragraph at lines 2005--2015
[] [] [] [] []
 []


Overfull \hbox (13.78955pt too wide) in paragraph at lines 2005--2015
[] [] [] [] [] 
 []

<bmr26779/LocalTc.500.0.fig0.pdf, id=13163, 361.35pt x 216.81pt>
File: bmr26779/LocalTc.500.0.fig0.pdf Graphic file (type pdf)
<use bmr26779/LocalTc.500.0.fig0.pdf>
Package pdftex.def Info: bmr26779/LocalTc.500.0.fig0.pdf  used on input line 20
38.
(pdftex.def)             Requested size: 97.71951pt x 111.13734pt.
<bmr26779/LocalTc.500.0.fig1.pdf, id=13164, 361.35pt x 216.81pt>
File: bmr26779/LocalTc.500.0.fig1.pdf Graphic file (type pdf)
<use bmr26779/LocalTc.500.0.fig1.pdf>
Package pdftex.def Info: bmr26779/LocalTc.500.0.fig1.pdf  used on input line 20
39.
(pdftex.def)             Requested size: 97.71951pt x 111.13734pt.
<bmr26779/LocalTc.500.0.fig2.pdf, id=13165, 361.35pt x 216.81pt>
File: bmr26779/LocalTc.500.0.fig2.pdf Graphic file (type pdf)
<use bmr26779/LocalTc.500.0.fig2.pdf>
Package pdftex.def Info: bmr26779/LocalTc.500.0.fig2.pdf  used on input line 20
40.
(pdftex.def)             Requested size: 97.71951pt x 111.13734pt.
<bmr26779/LocalTc.500.0.fig3.pdf, id=13166, 361.35pt x 216.81pt>
File: bmr26779/LocalTc.500.0.fig3.pdf Graphic file (type pdf)
<use bmr26779/LocalTc.500.0.fig3.pdf>
Package pdftex.def Info: bmr26779/LocalTc.500.0.fig3.pdf  used on input line 20
41.
(pdftex.def)             Requested size: 97.71951pt x 111.13734pt.
<bmr26779/LocalTc.500.0.fig4.pdf, id=13167, 361.35pt x 216.81pt>
File: bmr26779/LocalTc.500.0.fig4.pdf Graphic file (type pdf)
<use bmr26779/LocalTc.500.0.fig4.pdf>
Package pdftex.def Info: bmr26779/LocalTc.500.0.fig4.pdf  used on input line 20
42.
(pdftex.def)             Requested size: 97.71951pt x 111.13734pt.

Overfull \hbox (13.78955pt too wide) in paragraph at lines 2038--2043
[] [] [] [] [] 
 []



[34 <./bmr15097/LocalTc.750.46.fig0.pdf> <./bmr15097/LocalTc.750.46.fig1.pdf

pdfTeX warning: pdflatex (file ./bmr15097/LocalTc.750.46.fig1.pdf): PDF inclusi
on: multiple pdfs with page group included in a single page
> <./bmr15097/LocalTc.750.46.fig2.pdf

pdfTeX warning: pdflatex (file ./bmr15097/LocalTc.750.46.fig2.pdf): PDF inclusi
on: multiple pdfs with page group included in a single page
> <./bmr15097/LocalTc.750.46.fig3.pdf

pdfTeX warning: pdflatex (file ./bmr15097/LocalTc.750.46.fig3.pdf): PDF inclusi
on: multiple pdfs with page group included in a single page
> <./bmr15097/LocalTc.750.46.fig4.pdf

pdfTeX warning: pdflatex (file ./bmr15097/LocalTc.750.46.fig4.pdf): PDF inclusi
on: multiple pdfs with page group included in a single page
> <./bmr5746/LocalTc.600.0.fig0.pdf

pdfTeX warning: pdflatex (file ./bmr5746/LocalTc.600.0.fig0.pdf): PDF inclusion
: multiple pdfs with page group included in a single page
> <./bmr5746/LocalTc.600.0.fig1.pdf

pdfTeX warning: pdflatex (file ./bmr5746/LocalTc.600.0.fig1.pdf): PDF inclusion
: multiple pdfs with page group included in a single page
> <./bmr5746/LocalTc.600.0.fig2.pdf

pdfTeX warning: pdflatex (file ./bmr5746/LocalTc.600.0.fig2.pdf): PDF inclusion
: multiple pdfs with page group included in a single page
> <./bmr5746/LocalTc.600.0.fig3.pdf

pdfTeX warning: pdflatex (file ./bmr5746/LocalTc.600.0.fig3.pdf): PDF inclusion
: multiple pdfs with page group included in a single page
> <./bmr5746/LocalTc.600.0.fig4.pdf

pdfTeX warning: pdflatex (file ./bmr5746/LocalTc.600.0.fig4.pdf): PDF inclusion
: multiple pdfs with page group included in a single page
>]
<bmr15066/LocalTc.600.18.fig0.pdf, id=13444, 361.35pt x 216.81pt>
File: bmr15066/LocalTc.600.18.fig0.pdf Graphic file (type pdf)
<use bmr15066/LocalTc.600.18.fig0.pdf>
Package pdftex.def Info: bmr15066/LocalTc.600.18.fig0.pdf  used on input line 2
066.
(pdftex.def)             Requested size: 97.71951pt x 111.13734pt.
<bmr15066/LocalTc.600.18.fig1.pdf, id=13445, 361.35pt x 216.81pt>
File: bmr15066/LocalTc.600.18.fig1.pdf Graphic file (type pdf)
<use bmr15066/LocalTc.600.18.fig1.pdf>
Package pdftex.def Info: bmr15066/LocalTc.600.18.fig1.pdf  used on input line 2
067.
(pdftex.def)             Requested size: 97.71951pt x 111.13734pt.
<bmr15066/LocalTc.600.18.fig2.pdf, id=13446, 361.35pt x 216.81pt>
File: bmr15066/LocalTc.600.18.fig2.pdf Graphic file (type pdf)
<use bmr15066/LocalTc.600.18.fig2.pdf>
Package pdftex.def Info: bmr15066/LocalTc.600.18.fig2.pdf  used on input line 2
068.
(pdftex.def)             Requested size: 97.71951pt x 111.13734pt.
<bmr15066/LocalTc.600.18.fig3.pdf, id=13447, 361.35pt x 216.81pt>
File: bmr15066/LocalTc.600.18.fig3.pdf Graphic file (type pdf)
<use bmr15066/LocalTc.600.18.fig3.pdf>
Package pdftex.def Info: bmr15066/LocalTc.600.18.fig3.pdf  used on input line 2
069.
(pdftex.def)             Requested size: 97.71951pt x 111.13734pt.
<bmr15066/LocalTc.600.18.fig4.pdf, id=13448, 361.35pt x 216.81pt>
File: bmr15066/LocalTc.600.18.fig4.pdf Graphic file (type pdf)
<use bmr15066/LocalTc.600.18.fig4.pdf>
Package pdftex.def Info: bmr15066/LocalTc.600.18.fig4.pdf  used on input line 2
070.
(pdftex.def)             Requested size: 97.71951pt x 111.13734pt.
<bmr15066/LocalTc.600.0.fig0.pdf, id=13449, 361.35pt x 216.81pt>
File: bmr15066/LocalTc.600.0.fig0.pdf Graphic file (type pdf)
<use bmr15066/LocalTc.600.0.fig0.pdf>
Package pdftex.def Info: bmr15066/LocalTc.600.0.fig0.pdf  used on input line 20
71.
(pdftex.def)             Requested size: 97.71951pt x 111.13734pt.
<bmr15066/LocalTc.600.0.fig1.pdf, id=13450, 361.35pt x 216.81pt>
File: bmr15066/LocalTc.600.0.fig1.pdf Graphic file (type pdf)
<use bmr15066/LocalTc.600.0.fig1.pdf>
Package pdftex.def Info: bmr15066/LocalTc.600.0.fig1.pdf  used on input line 20
72.
(pdftex.def)             Requested size: 97.71951pt x 111.13734pt.
<bmr15066/LocalTc.600.0.fig2.pdf, id=13451, 361.35pt x 216.81pt>
File: bmr15066/LocalTc.600.0.fig2.pdf Graphic file (type pdf)
<use bmr15066/LocalTc.600.0.fig2.pdf>
Package pdftex.def Info: bmr15066/LocalTc.600.0.fig2.pdf  used on input line 20
73.
(pdftex.def)             Requested size: 97.71951pt x 111.13734pt.
<bmr15066/LocalTc.600.0.fig3.pdf, id=13452, 361.35pt x 216.81pt>
File: bmr15066/LocalTc.600.0.fig3.pdf Graphic file (type pdf)
<use bmr15066/LocalTc.600.0.fig3.pdf>
Package pdftex.def Info: bmr15066/LocalTc.600.0.fig3.pdf  used on input line 20
74.
(pdftex.def)             Requested size: 97.71951pt x 111.13734pt.
<bmr15066/LocalTc.600.0.fig4.pdf, id=13453, 361.35pt x 216.81pt>
File: bmr15066/LocalTc.600.0.fig4.pdf Graphic file (type pdf)
<use bmr15066/LocalTc.600.0.fig4.pdf>
Package pdftex.def Info: bmr15066/LocalTc.600.0.fig4.pdf  used on input line 20
75.
(pdftex.def)             Requested size: 97.71951pt x 111.13734pt.

Overfull \hbox (13.78955pt too wide) in paragraph at lines 2066--2076
[] [] [] [] []
 []


Overfull \hbox (13.78955pt too wide) in paragraph at lines 2066--2076
[] [] [] [] [] 
 []

<bmr15065/LocalTc.700.0.fig0.pdf, id=13454, 361.35pt x 216.81pt>
File: bmr15065/LocalTc.700.0.fig0.pdf Graphic file (type pdf)
<use bmr15065/LocalTc.700.0.fig0.pdf>
Package pdftex.def Info: bmr15065/LocalTc.700.0.fig0.pdf  used on input line 20
99.
(pdftex.def)             Requested size: 97.71951pt x 111.13734pt.
<bmr15065/LocalTc.700.0.fig1.pdf, id=13455, 361.35pt x 216.81pt>
File: bmr15065/LocalTc.700.0.fig1.pdf Graphic file (type pdf)
<use bmr15065/LocalTc.700.0.fig1.pdf>
Package pdftex.def Info: bmr15065/LocalTc.700.0.fig1.pdf  used on input line 21
00.
(pdftex.def)             Requested size: 97.71951pt x 111.13734pt.
<bmr15065/LocalTc.700.0.fig2.pdf, id=13456, 361.35pt x 216.81pt>
File: bmr15065/LocalTc.700.0.fig2.pdf Graphic file (type pdf)
<use bmr15065/LocalTc.700.0.fig2.pdf>
Package pdftex.def Info: bmr15065/LocalTc.700.0.fig2.pdf  used on input line 21
01.
(pdftex.def)             Requested size: 97.71951pt x 111.13734pt.
<bmr15065/LocalTc.700.0.fig3.pdf, id=13457, 361.35pt x 216.81pt>
File: bmr15065/LocalTc.700.0.fig3.pdf Graphic file (type pdf)
<use bmr15065/LocalTc.700.0.fig3.pdf>
Package pdftex.def Info: bmr15065/LocalTc.700.0.fig3.pdf  used on input line 21
02.
(pdftex.def)             Requested size: 97.71951pt x 111.13734pt.
<bmr15065/LocalTc.700.0.fig4.pdf, id=13458, 361.35pt x 216.81pt>
File: bmr15065/LocalTc.700.0.fig4.pdf Graphic file (type pdf)
<use bmr15065/LocalTc.700.0.fig4.pdf>
Package pdftex.def Info: bmr15065/LocalTc.700.0.fig4.pdf  used on input line 21
03.
(pdftex.def)             Requested size: 97.71951pt x 111.13734pt.
<bmr15065/LocalTc.600.0.fig0.pdf, id=13459, 361.35pt x 216.81pt>
File: bmr15065/LocalTc.600.0.fig0.pdf Graphic file (type pdf)
<use bmr15065/LocalTc.600.0.fig0.pdf>
Package pdftex.def Info: bmr15065/LocalTc.600.0.fig0.pdf  used on input line 21
04.
(pdftex.def)             Requested size: 97.71951pt x 111.13734pt.
<bmr15065/LocalTc.600.0.fig1.pdf, id=13460, 361.35pt x 216.81pt>
File: bmr15065/LocalTc.600.0.fig1.pdf Graphic file (type pdf)
<use bmr15065/LocalTc.600.0.fig1.pdf>
Package pdftex.def Info: bmr15065/LocalTc.600.0.fig1.pdf  used on input line 21
05.
(pdftex.def)             Requested size: 97.71951pt x 111.13734pt.
<bmr15065/LocalTc.600.0.fig2.pdf, id=13461, 361.35pt x 216.81pt>
File: bmr15065/LocalTc.600.0.fig2.pdf Graphic file (type pdf)
<use bmr15065/LocalTc.600.0.fig2.pdf>
Package pdftex.def Info: bmr15065/LocalTc.600.0.fig2.pdf  used on input line 21
06.
(pdftex.def)             Requested size: 97.71951pt x 111.13734pt.
<bmr15065/LocalTc.600.0.fig3.pdf, id=13462, 361.35pt x 216.81pt>
File: bmr15065/LocalTc.600.0.fig3.pdf Graphic file (type pdf)
<use bmr15065/LocalTc.600.0.fig3.pdf>
Package pdftex.def Info: bmr15065/LocalTc.600.0.fig3.pdf  used on input line 21
07.
(pdftex.def)             Requested size: 97.71951pt x 111.13734pt.
<bmr15065/LocalTc.600.0.fig4.pdf, id=13463, 361.35pt x 216.81pt>
File: bmr15065/LocalTc.600.0.fig4.pdf Graphic file (type pdf)
<use bmr15065/LocalTc.600.0.fig4.pdf>
Package pdftex.def Info: bmr15065/LocalTc.600.0.fig4.pdf  used on input line 21
08.
(pdftex.def)             Requested size: 97.71951pt x 111.13734pt.

Overfull \hbox (13.78955pt too wide) in paragraph at lines 2099--2109
[] [] [] [] []
 []


Overfull \hbox (13.78955pt too wide) in paragraph at lines 2099--2109
[] [] [] [] [] 
 []



[35 <./bmr26779/LocalTc.500.0.fig0.pdf> <./bmr26779/LocalTc.500.0.fig1.pdf

pdfTeX warning: pdflatex (file ./bmr26779/LocalTc.500.0.fig1.pdf): PDF inclusio
n: multiple pdfs with page group included in a single page
> <./bmr26779/LocalTc.500.0.fig2.pdf

pdfTeX warning: pdflatex (file ./bmr26779/LocalTc.500.0.fig2.pdf): PDF inclusio
n: multiple pdfs with page group included in a single page
> <./bmr26779/LocalTc.500.0.fig3.pdf

pdfTeX warning: pdflatex (file ./bmr26779/LocalTc.500.0.fig3.pdf): PDF inclusio
n: multiple pdfs with page group included in a single page
> <./bmr26779/LocalTc.500.0.fig4.pdf

pdfTeX warning: pdflatex (file ./bmr26779/LocalTc.500.0.fig4.pdf): PDF inclusio
n: multiple pdfs with page group included in a single page
> <./bmr15066/LocalTc.600.18.fig0.pdf

pdfTeX warning: pdflatex (file ./bmr15066/LocalTc.600.18.fig0.pdf): PDF inclusi
on: multiple pdfs with page group included in a single page
> <./bmr15066/LocalTc.600.18.fig1.pdf

pdfTeX warning: pdflatex (file ./bmr15066/LocalTc.600.18.fig1.pdf): PDF inclusi
on: multiple pdfs with page group included in a single page
> <./bmr15066/LocalTc.600.18.fig2.pdf

pdfTeX warning: pdflatex (file ./bmr15066/LocalTc.600.18.fig2.pdf): PDF inclusi
on: multiple pdfs with page group included in a single page
> <./bmr15066/LocalTc.600.18.fig3.pdf

pdfTeX warning: pdflatex (file ./bmr15066/LocalTc.600.18.fig3.pdf): PDF inclusi
on: multiple pdfs with page group included in a single page
> <./bmr15066/LocalTc.600.18.fig4.pdf

pdfTeX warning: pdflatex (file ./bmr15066/LocalTc.600.18.fig4.pdf): PDF inclusi
on: multiple pdfs with page group included in a single page
> <./bmr15066/LocalTc.600.0.fig0.pdf

pdfTeX warning: pdflatex (file ./bmr15066/LocalTc.600.0.fig0.pdf): PDF inclusio
n: multiple pdfs with page group included in a single page
> <./bmr15066/LocalTc.600.0.fig1.pdf

pdfTeX warning: pdflatex (file ./bmr15066/LocalTc.600.0.fig1.pdf): PDF inclusio
n: multiple pdfs with page group included in a single page
> <./bmr15066/LocalTc.600.0.fig2.pdf

pdfTeX warning: pdflatex (file ./bmr15066/LocalTc.600.0.fig2.pdf): PDF inclusio
n: multiple pdfs with page group included in a single page
> <./bmr15066/LocalTc.600.0.fig3.pdf

pdfTeX warning: pdflatex (file ./bmr15066/LocalTc.600.0.fig3.pdf): PDF inclusio
n: multiple pdfs with page group included in a single page
> <./bmr15066/LocalTc.600.0.fig4.pdf

pdfTeX warning: pdflatex (file ./bmr15066/LocalTc.600.0.fig4.pdf): PDF inclusio
n: multiple pdfs with page group included in a single page
>]
<bmr15064/LocalTc.750.0.fig0.pdf, id=13876, 361.35pt x 216.81pt>
File: bmr15064/LocalTc.750.0.fig0.pdf Graphic file (type pdf)
<use bmr15064/LocalTc.750.0.fig0.pdf>
Package pdftex.def Info: bmr15064/LocalTc.750.0.fig0.pdf  used on input line 21
32.
(pdftex.def)             Requested size: 97.71951pt x 111.13734pt.
<bmr15064/LocalTc.750.0.fig1.pdf, id=13877, 361.35pt x 216.81pt>
File: bmr15064/LocalTc.750.0.fig1.pdf Graphic file (type pdf)
<use bmr15064/LocalTc.750.0.fig1.pdf>
Package pdftex.def Info: bmr15064/LocalTc.750.0.fig1.pdf  used on input line 21
33.
(pdftex.def)             Requested size: 97.71951pt x 111.13734pt.
<bmr15064/LocalTc.750.0.fig2.pdf, id=13878, 361.35pt x 216.81pt>
File: bmr15064/LocalTc.750.0.fig2.pdf Graphic file (type pdf)
<use bmr15064/LocalTc.750.0.fig2.pdf>
Package pdftex.def Info: bmr15064/LocalTc.750.0.fig2.pdf  used on input line 21
34.
(pdftex.def)             Requested size: 97.71951pt x 111.13734pt.
<bmr15064/LocalTc.750.0.fig3.pdf, id=13879, 361.35pt x 216.81pt>
File: bmr15064/LocalTc.750.0.fig3.pdf Graphic file (type pdf)
<use bmr15064/LocalTc.750.0.fig3.pdf>
Package pdftex.def Info: bmr15064/LocalTc.750.0.fig3.pdf  used on input line 21
35.
(pdftex.def)             Requested size: 97.71951pt x 111.13734pt.
<bmr15064/LocalTc.750.0.fig4.pdf, id=13880, 361.35pt x 216.81pt>
File: bmr15064/LocalTc.750.0.fig4.pdf Graphic file (type pdf)
<use bmr15064/LocalTc.750.0.fig4.pdf>
Package pdftex.def Info: bmr15064/LocalTc.750.0.fig4.pdf  used on input line 21
36.
(pdftex.def)             Requested size: 97.71951pt x 111.13734pt.
<bmr15064/LocalTc.600.0.fig0.pdf, id=13881, 361.35pt x 216.81pt>
File: bmr15064/LocalTc.600.0.fig0.pdf Graphic file (type pdf)
<use bmr15064/LocalTc.600.0.fig0.pdf>
Package pdftex.def Info: bmr15064/LocalTc.600.0.fig0.pdf  used on input line 21
37.
(pdftex.def)             Requested size: 97.71951pt x 111.13734pt.
<bmr15064/LocalTc.600.0.fig1.pdf, id=13882, 361.35pt x 216.81pt>
File: bmr15064/LocalTc.600.0.fig1.pdf Graphic file (type pdf)
<use bmr15064/LocalTc.600.0.fig1.pdf>
Package pdftex.def Info: bmr15064/LocalTc.600.0.fig1.pdf  used on input line 21
38.
(pdftex.def)             Requested size: 97.71951pt x 111.13734pt.
<bmr15064/LocalTc.600.0.fig2.pdf, id=13883, 361.35pt x 216.81pt>
File: bmr15064/LocalTc.600.0.fig2.pdf Graphic file (type pdf)
<use bmr15064/LocalTc.600.0.fig2.pdf>
Package pdftex.def Info: bmr15064/LocalTc.600.0.fig2.pdf  used on input line 21
39.
(pdftex.def)             Requested size: 97.71951pt x 111.13734pt.
<bmr15064/LocalTc.600.0.fig3.pdf, id=13884, 361.35pt x 216.81pt>
File: bmr15064/LocalTc.600.0.fig3.pdf Graphic file (type pdf)
<use bmr15064/LocalTc.600.0.fig3.pdf>
Package pdftex.def Info: bmr15064/LocalTc.600.0.fig3.pdf  used on input line 21
40.
(pdftex.def)             Requested size: 97.71951pt x 111.13734pt.
<bmr15064/LocalTc.600.0.fig4.pdf, id=13885, 361.35pt x 216.81pt>
File: bmr15064/LocalTc.600.0.fig4.pdf Graphic file (type pdf)
<use bmr15064/LocalTc.600.0.fig4.pdf>
Package pdftex.def Info: bmr15064/LocalTc.600.0.fig4.pdf  used on input line 21
41.
(pdftex.def)             Requested size: 97.71951pt x 111.13734pt.

Overfull \hbox (13.78955pt too wide) in paragraph at lines 2132--2142
[] [] [] [] []
 []


Overfull \hbox (13.78955pt too wide) in paragraph at lines 2132--2142
[] [] [] [] [] 
 []



[36 <./bmr15065/LocalTc.700.0.fig0.pdf> <./bmr15065/LocalTc.700.0.fig1.pdf

pdfTeX warning: pdflatex (file ./bmr15065/LocalTc.700.0.fig1.pdf): PDF inclusio
n: multiple pdfs with page group included in a single page
> <./bmr15065/LocalTc.700.0.fig2.pdf

pdfTeX warning: pdflatex (file ./bmr15065/LocalTc.700.0.fig2.pdf): PDF inclusio
n: multiple pdfs with page group included in a single page
> <./bmr15065/LocalTc.700.0.fig3.pdf

pdfTeX warning: pdflatex (file ./bmr15065/LocalTc.700.0.fig3.pdf): PDF inclusio
n: multiple pdfs with page group included in a single page
> <./bmr15065/LocalTc.700.0.fig4.pdf

pdfTeX warning: pdflatex (file ./bmr15065/LocalTc.700.0.fig4.pdf): PDF inclusio
n: multiple pdfs with page group included in a single page
> <./bmr15065/LocalTc.600.0.fig0.pdf

pdfTeX warning: pdflatex (file ./bmr15065/LocalTc.600.0.fig0.pdf): PDF inclusio
n: multiple pdfs with page group included in a single page
> <./bmr15065/LocalTc.600.0.fig1.pdf

pdfTeX warning: pdflatex (file ./bmr15065/LocalTc.600.0.fig1.pdf): PDF inclusio
n: multiple pdfs with page group included in a single page
> <./bmr15065/LocalTc.600.0.fig2.pdf

pdfTeX warning: pdflatex (file ./bmr15065/LocalTc.600.0.fig2.pdf): PDF inclusio
n: multiple pdfs with page group included in a single page
> <./bmr15065/LocalTc.600.0.fig3.pdf

pdfTeX warning: pdflatex (file ./bmr15065/LocalTc.600.0.fig3.pdf): PDF inclusio
n: multiple pdfs with page group included in a single page
> <./bmr15065/LocalTc.600.0.fig4.pdf

pdfTeX warning: pdflatex (file ./bmr15065/LocalTc.600.0.fig4.pdf): PDF inclusio
n: multiple pdfs with page group included in a single page
> <./bmr15064/LocalTc.750.0.fig0.pdf

pdfTeX warning: pdflatex (file ./bmr15064/LocalTc.750.0.fig0.pdf): PDF inclusio
n: multiple pdfs with page group included in a single page
> <./bmr15064/LocalTc.750.0.fig1.pdf

pdfTeX warning: pdflatex (file ./bmr15064/LocalTc.750.0.fig1.pdf): PDF inclusio
n: multiple pdfs with page group included in a single page
> <./bmr15064/LocalTc.750.0.fig2.pdf

pdfTeX warning: pdflatex (file ./bmr15064/LocalTc.750.0.fig2.pdf): PDF inclusio
n: multiple pdfs with page group included in a single page
> <./bmr15064/LocalTc.750.0.fig3.pdf

pdfTeX warning: pdflatex (file ./bmr15064/LocalTc.750.0.fig3.pdf): PDF inclusio
n: multiple pdfs with page group included in a single page
> <./bmr15064/LocalTc.750.0.fig4.pdf

pdfTeX warning: pdflatex (file ./bmr15064/LocalTc.750.0.fig4.pdf): PDF inclusio
n: multiple pdfs with page group included in a single page
> <./bmr15064/LocalTc.600.0.fig0.pdf

pdfTeX warning: pdflatex (file ./bmr15064/LocalTc.600.0.fig0.pdf): PDF inclusio
n: multiple pdfs with page group included in a single page
> <./bmr15064/LocalTc.600.0.fig1.pdf

pdfTeX warning: pdflatex (file ./bmr15064/LocalTc.600.0.fig1.pdf): PDF inclusio
n: multiple pdfs with page group included in a single page
> <./bmr15064/LocalTc.600.0.fig2.pdf

pdfTeX warning: pdflatex (file ./bmr15064/LocalTc.600.0.fig2.pdf): PDF inclusio
n: multiple pdfs with page group included in a single page
> <./bmr15064/LocalTc.600.0.fig3.pdf

pdfTeX warning: pdflatex (file ./bmr15064/LocalTc.600.0.fig3.pdf): PDF inclusio
n: multiple pdfs with page group included in a single page
> <./bmr15064/LocalTc.600.0.fig4.pdf

pdfTeX warning: pdflatex (file ./bmr15064/LocalTc.600.0.fig4.pdf): PDF inclusio
n: multiple pdfs with page group included in a single page
>]
<bmr27888/LocalTc.800.0.fig0.pdf, id=14434, 361.35pt x 216.81pt>
File: bmr27888/LocalTc.800.0.fig0.pdf Graphic file (type pdf)
<use bmr27888/LocalTc.800.0.fig0.pdf>
Package pdftex.def Info: bmr27888/LocalTc.800.0.fig0.pdf  used on input line 21
65.
(pdftex.def)             Requested size: 97.71951pt x 111.13734pt.
<bmr27888/LocalTc.800.0.fig1.pdf, id=14435, 361.35pt x 216.81pt>
File: bmr27888/LocalTc.800.0.fig1.pdf Graphic file (type pdf)
<use bmr27888/LocalTc.800.0.fig1.pdf>
Package pdftex.def Info: bmr27888/LocalTc.800.0.fig1.pdf  used on input line 21
66.
(pdftex.def)             Requested size: 97.71951pt x 111.13734pt.
<bmr27888/LocalTc.800.0.fig2.pdf, id=14436, 361.35pt x 216.81pt>
File: bmr27888/LocalTc.800.0.fig2.pdf Graphic file (type pdf)
<use bmr27888/LocalTc.800.0.fig2.pdf>
Package pdftex.def Info: bmr27888/LocalTc.800.0.fig2.pdf  used on input line 21
67.
(pdftex.def)             Requested size: 97.71951pt x 111.13734pt.
<bmr27888/LocalTc.800.0.fig3.pdf, id=14437, 361.35pt x 216.81pt>
File: bmr27888/LocalTc.800.0.fig3.pdf Graphic file (type pdf)
<use bmr27888/LocalTc.800.0.fig3.pdf>
Package pdftex.def Info: bmr27888/LocalTc.800.0.fig3.pdf  used on input line 21
68.
(pdftex.def)             Requested size: 97.71951pt x 111.13734pt.
<bmr27888/LocalTc.800.0.fig4.pdf, id=14438, 361.35pt x 216.81pt>
File: bmr27888/LocalTc.800.0.fig4.pdf Graphic file (type pdf)
<use bmr27888/LocalTc.800.0.fig4.pdf>
Package pdftex.def Info: bmr27888/LocalTc.800.0.fig4.pdf  used on input line 21
69.
(pdftex.def)             Requested size: 97.71951pt x 111.13734pt.
<bmr27888/LocalTc.850.0.fig0.pdf, id=14439, 361.35pt x 216.81pt>
File: bmr27888/LocalTc.850.0.fig0.pdf Graphic file (type pdf)
<use bmr27888/LocalTc.850.0.fig0.pdf>
Package pdftex.def Info: bmr27888/LocalTc.850.0.fig0.pdf  used on input line 21
70.
(pdftex.def)             Requested size: 97.71951pt x 111.13734pt.
<bmr27888/LocalTc.850.0.fig1.pdf, id=14440, 361.35pt x 216.81pt>
File: bmr27888/LocalTc.850.0.fig1.pdf Graphic file (type pdf)
<use bmr27888/LocalTc.850.0.fig1.pdf>
Package pdftex.def Info: bmr27888/LocalTc.850.0.fig1.pdf  used on input line 21
71.
(pdftex.def)             Requested size: 97.71951pt x 111.13734pt.
<bmr27888/LocalTc.850.0.fig2.pdf, id=14441, 361.35pt x 216.81pt>
File: bmr27888/LocalTc.850.0.fig2.pdf Graphic file (type pdf)
<use bmr27888/LocalTc.850.0.fig2.pdf>
Package pdftex.def Info: bmr27888/LocalTc.850.0.fig2.pdf  used on input line 21
72.
(pdftex.def)             Requested size: 97.71951pt x 111.13734pt.
<bmr27888/LocalTc.850.0.fig3.pdf, id=14442, 361.35pt x 216.81pt>
File: bmr27888/LocalTc.850.0.fig3.pdf Graphic file (type pdf)
<use bmr27888/LocalTc.850.0.fig3.pdf>
Package pdftex.def Info: bmr27888/LocalTc.850.0.fig3.pdf  used on input line 21
73.
(pdftex.def)             Requested size: 97.71951pt x 111.13734pt.
<bmr27888/LocalTc.850.0.fig4.pdf, id=14443, 361.35pt x 216.81pt>
File: bmr27888/LocalTc.850.0.fig4.pdf Graphic file (type pdf)
<use bmr27888/LocalTc.850.0.fig4.pdf>
Package pdftex.def Info: bmr27888/LocalTc.850.0.fig4.pdf  used on input line 21
74.
(pdftex.def)             Requested size: 97.71951pt x 111.13734pt.

Overfull \hbox (13.78955pt too wide) in paragraph at lines 2165--2175
[] [] [] [] []
 []


Overfull \hbox (13.78955pt too wide) in paragraph at lines 2165--2175
[] [] [] [] [] 
 []

<bmr27890/LocalTc.600.0.fig0.pdf, id=14444, 361.35pt x 216.81pt>
File: bmr27890/LocalTc.600.0.fig0.pdf Graphic file (type pdf)
<use bmr27890/LocalTc.600.0.fig0.pdf>
Package pdftex.def Info: bmr27890/LocalTc.600.0.fig0.pdf  used on input line 21
98.
(pdftex.def)             Requested size: 97.71951pt x 111.13734pt.
<bmr27890/LocalTc.600.0.fig1.pdf, id=14445, 361.35pt x 216.81pt>
File: bmr27890/LocalTc.600.0.fig1.pdf Graphic file (type pdf)
<use bmr27890/LocalTc.600.0.fig1.pdf>
Package pdftex.def Info: bmr27890/LocalTc.600.0.fig1.pdf  used on input line 21
99.
(pdftex.def)             Requested size: 97.71951pt x 111.13734pt.
<bmr27890/LocalTc.600.0.fig2.pdf, id=14446, 361.35pt x 216.81pt>
File: bmr27890/LocalTc.600.0.fig2.pdf Graphic file (type pdf)
<use bmr27890/LocalTc.600.0.fig2.pdf>
Package pdftex.def Info: bmr27890/LocalTc.600.0.fig2.pdf  used on input line 22
00.
(pdftex.def)             Requested size: 97.71951pt x 111.13734pt.
<bmr27890/LocalTc.600.0.fig3.pdf, id=14447, 361.35pt x 216.81pt>
File: bmr27890/LocalTc.600.0.fig3.pdf Graphic file (type pdf)
<use bmr27890/LocalTc.600.0.fig3.pdf>
Package pdftex.def Info: bmr27890/LocalTc.600.0.fig3.pdf  used on input line 22
01.
(pdftex.def)             Requested size: 97.71951pt x 111.13734pt.
<bmr27890/LocalTc.600.0.fig4.pdf, id=14448, 361.35pt x 216.81pt>
File: bmr27890/LocalTc.600.0.fig4.pdf Graphic file (type pdf)
<use bmr27890/LocalTc.600.0.fig4.pdf>
Package pdftex.def Info: bmr27890/LocalTc.600.0.fig4.pdf  used on input line 22
02.
(pdftex.def)             Requested size: 97.71951pt x 111.13734pt.

Overfull \hbox (13.78955pt too wide) in paragraph at lines 2198--2203
[] [] [] [] [] 
 []



[37 <./bmr27888/LocalTc.800.0.fig0.pdf> <./bmr27888/LocalTc.800.0.fig1.pdf

pdfTeX warning: pdflatex (file ./bmr27888/LocalTc.800.0.fig1.pdf): PDF inclusio
n: multiple pdfs with page group included in a single page
> <./bmr27888/LocalTc.800.0.fig2.pdf

pdfTeX warning: pdflatex (file ./bmr27888/LocalTc.800.0.fig2.pdf): PDF inclusio
n: multiple pdfs with page group included in a single page
> <./bmr27888/LocalTc.800.0.fig3.pdf

pdfTeX warning: pdflatex (file ./bmr27888/LocalTc.800.0.fig3.pdf): PDF inclusio
n: multiple pdfs with page group included in a single page
> <./bmr27888/LocalTc.800.0.fig4.pdf

pdfTeX warning: pdflatex (file ./bmr27888/LocalTc.800.0.fig4.pdf): PDF inclusio
n: multiple pdfs with page group included in a single page
> <./bmr27888/LocalTc.850.0.fig0.pdf

pdfTeX warning: pdflatex (file ./bmr27888/LocalTc.850.0.fig0.pdf): PDF inclusio
n: multiple pdfs with page group included in a single page
> <./bmr27888/LocalTc.850.0.fig1.pdf

pdfTeX warning: pdflatex (file ./bmr27888/LocalTc.850.0.fig1.pdf): PDF inclusio
n: multiple pdfs with page group included in a single page
> <./bmr27888/LocalTc.850.0.fig2.pdf

pdfTeX warning: pdflatex (file ./bmr27888/LocalTc.850.0.fig2.pdf): PDF inclusio
n: multiple pdfs with page group included in a single page
> <./bmr27888/LocalTc.850.0.fig3.pdf

pdfTeX warning: pdflatex (file ./bmr27888/LocalTc.850.0.fig3.pdf): PDF inclusio
n: multiple pdfs with page group included in a single page
> <./bmr27888/LocalTc.850.0.fig4.pdf

pdfTeX warning: pdflatex (file ./bmr27888/LocalTc.850.0.fig4.pdf): PDF inclusio
n: multiple pdfs with page group included in a single page
> <./bmr27890/LocalTc.600.0.fig0.pdf

pdfTeX warning: pdflatex (file ./bmr27890/LocalTc.600.0.fig0.pdf): PDF inclusio
n: multiple pdfs with page group included in a single page
> <./bmr27890/LocalTc.600.0.fig1.pdf

pdfTeX warning: pdflatex (file ./bmr27890/LocalTc.600.0.fig1.pdf): PDF inclusio
n: multiple pdfs with page group included in a single page
> <./bmr27890/LocalTc.600.0.fig2.pdf

pdfTeX warning: pdflatex (file ./bmr27890/LocalTc.600.0.fig2.pdf): PDF inclusio
n: multiple pdfs with page group included in a single page
> <./bmr27890/LocalTc.600.0.fig3.pdf

pdfTeX warning: pdflatex (file ./bmr27890/LocalTc.600.0.fig3.pdf): PDF inclusio
n: multiple pdfs with page group included in a single page
> <./bmr27890/LocalTc.600.0.fig4.pdf

pdfTeX warning: pdflatex (file ./bmr27890/LocalTc.600.0.fig4.pdf): PDF inclusio
n: multiple pdfs with page group included in a single page
>]
<bmr27929/LocalTc.600.0.fig0.pdf, id=14862, 361.35pt x 216.81pt>
File: bmr27929/LocalTc.600.0.fig0.pdf Graphic file (type pdf)
<use bmr27929/LocalTc.600.0.fig0.pdf>
Package pdftex.def Info: bmr27929/LocalTc.600.0.fig0.pdf  used on input line 22
26.
(pdftex.def)             Requested size: 97.71951pt x 111.13734pt.
<bmr27929/LocalTc.600.0.fig1.pdf, id=14863, 361.35pt x 216.81pt>
File: bmr27929/LocalTc.600.0.fig1.pdf Graphic file (type pdf)
<use bmr27929/LocalTc.600.0.fig1.pdf>
Package pdftex.def Info: bmr27929/LocalTc.600.0.fig1.pdf  used on input line 22
27.
(pdftex.def)             Requested size: 97.71951pt x 111.13734pt.
<bmr27929/LocalTc.600.0.fig2.pdf, id=14864, 361.35pt x 216.81pt>
File: bmr27929/LocalTc.600.0.fig2.pdf Graphic file (type pdf)
<use bmr27929/LocalTc.600.0.fig2.pdf>
Package pdftex.def Info: bmr27929/LocalTc.600.0.fig2.pdf  used on input line 22
28.
(pdftex.def)             Requested size: 97.71951pt x 111.13734pt.
<bmr27929/LocalTc.600.0.fig3.pdf, id=14865, 361.35pt x 216.81pt>
File: bmr27929/LocalTc.600.0.fig3.pdf Graphic file (type pdf)
<use bmr27929/LocalTc.600.0.fig3.pdf>
Package pdftex.def Info: bmr27929/LocalTc.600.0.fig3.pdf  used on input line 22
29.
(pdftex.def)             Requested size: 97.71951pt x 111.13734pt.
<bmr27929/LocalTc.600.0.fig4.pdf, id=14866, 361.35pt x 216.81pt>
File: bmr27929/LocalTc.600.0.fig4.pdf Graphic file (type pdf)
<use bmr27929/LocalTc.600.0.fig4.pdf>
Package pdftex.def Info: bmr27929/LocalTc.600.0.fig4.pdf  used on input line 22
30.
(pdftex.def)             Requested size: 97.71951pt x 111.13734pt.

Overfull \hbox (13.78955pt too wide) in paragraph at lines 2226--2231
[] [] [] [] [] 
 []


Overfull \hbox (24.08601pt too wide) in paragraph at lines 2242--2252
[]
 []


Underfull \hbox (badness 10000) in paragraph at lines 2242--2252

 []

<bmr6838/LocalTc.899.894.fig0.pdf, id=14867, 361.35pt x 216.81pt>
File: bmr6838/LocalTc.899.894.fig0.pdf Graphic file (type pdf)
<use bmr6838/LocalTc.899.894.fig0.pdf>
Package pdftex.def Info: bmr6838/LocalTc.899.894.fig0.pdf  used on input line 2
254.
(pdftex.def)             Requested size: 97.71951pt x 111.13734pt.
<bmr6838/LocalTc.899.894.fig1.pdf, id=14868, 361.35pt x 216.81pt>
File: bmr6838/LocalTc.899.894.fig1.pdf Graphic file (type pdf)
<use bmr6838/LocalTc.899.894.fig1.pdf>
Package pdftex.def Info: bmr6838/LocalTc.899.894.fig1.pdf  used on input line 2
255.
(pdftex.def)             Requested size: 97.71951pt x 111.13734pt.
<bmr6838/LocalTc.899.894.fig2.pdf, id=14869, 361.35pt x 216.81pt>
File: bmr6838/LocalTc.899.894.fig2.pdf Graphic file (type pdf)
<use bmr6838/LocalTc.899.894.fig2.pdf>
Package pdftex.def Info: bmr6838/LocalTc.899.894.fig2.pdf  used on input line 2
256.
(pdftex.def)             Requested size: 97.71951pt x 111.13734pt.
<bmr6838/LocalTc.899.894.fig3.pdf, id=14870, 361.35pt x 216.81pt>
File: bmr6838/LocalTc.899.894.fig3.pdf Graphic file (type pdf)
<use bmr6838/LocalTc.899.894.fig3.pdf>
Package pdftex.def Info: bmr6838/LocalTc.899.894.fig3.pdf  used on input line 2
257.
(pdftex.def)             Requested size: 97.71951pt x 111.13734pt.
<bmr6838/LocalTc.899.894.fig4.pdf, id=14871, 361.35pt x 216.81pt>
File: bmr6838/LocalTc.899.894.fig4.pdf Graphic file (type pdf)
<use bmr6838/LocalTc.899.894.fig4.pdf>
Package pdftex.def Info: bmr6838/LocalTc.899.894.fig4.pdf  used on input line 2
258.
(pdftex.def)             Requested size: 97.71951pt x 111.13734pt.
<bmr6838/LocalTc.500.0.fig0.pdf, id=14872, 361.35pt x 216.81pt>
File: bmr6838/LocalTc.500.0.fig0.pdf Graphic file (type pdf)
<use bmr6838/LocalTc.500.0.fig0.pdf>
Package pdftex.def Info: bmr6838/LocalTc.500.0.fig0.pdf  used on input line 225
9.
(pdftex.def)             Requested size: 97.71951pt x 111.13734pt.
<bmr6838/LocalTc.500.0.fig1.pdf, id=14873, 361.35pt x 216.81pt>
File: bmr6838/LocalTc.500.0.fig1.pdf Graphic file (type pdf)
<use bmr6838/LocalTc.500.0.fig1.pdf>
Package pdftex.def Info: bmr6838/LocalTc.500.0.fig1.pdf  used on input line 226
0.
(pdftex.def)             Requested size: 97.71951pt x 111.13734pt.
<bmr6838/LocalTc.500.0.fig2.pdf, id=14874, 361.35pt x 216.81pt>
File: bmr6838/LocalTc.500.0.fig2.pdf Graphic file (type pdf)
<use bmr6838/LocalTc.500.0.fig2.pdf>
Package pdftex.def Info: bmr6838/LocalTc.500.0.fig2.pdf  used on input line 226
1.
(pdftex.def)             Requested size: 97.71951pt x 111.13734pt.
<bmr6838/LocalTc.500.0.fig3.pdf, id=14875, 361.35pt x 216.81pt>
File: bmr6838/LocalTc.500.0.fig3.pdf Graphic file (type pdf)
<use bmr6838/LocalTc.500.0.fig3.pdf>
Package pdftex.def Info: bmr6838/LocalTc.500.0.fig3.pdf  used on input line 226
2.
(pdftex.def)             Requested size: 97.71951pt x 111.13734pt.
<bmr6838/LocalTc.500.0.fig4.pdf, id=14876, 361.35pt x 216.81pt>
File: bmr6838/LocalTc.500.0.fig4.pdf Graphic file (type pdf)
<use bmr6838/LocalTc.500.0.fig4.pdf>
Package pdftex.def Info: bmr6838/LocalTc.500.0.fig4.pdf  used on input line 226
3.
(pdftex.def)             Requested size: 97.71951pt x 111.13734pt.
<bmr6838/LocalTc.600.0.fig0.pdf, id=14877, 361.35pt x 216.81pt>
File: bmr6838/LocalTc.600.0.fig0.pdf Graphic file (type pdf)
<use bmr6838/LocalTc.600.0.fig0.pdf>
Package pdftex.def Info: bmr6838/LocalTc.600.0.fig0.pdf  used on input line 226
4.
(pdftex.def)             Requested size: 97.71951pt x 111.13734pt.
<bmr6838/LocalTc.600.0.fig1.pdf, id=14878, 361.35pt x 216.81pt>
File: bmr6838/LocalTc.600.0.fig1.pdf Graphic file (type pdf)
<use bmr6838/LocalTc.600.0.fig1.pdf>
Package pdftex.def Info: bmr6838/LocalTc.600.0.fig1.pdf  used on input line 226
5.
(pdftex.def)             Requested size: 97.71951pt x 111.13734pt.
<bmr6838/LocalTc.600.0.fig2.pdf, id=14879, 361.35pt x 216.81pt>
File: bmr6838/LocalTc.600.0.fig2.pdf Graphic file (type pdf)
<use bmr6838/LocalTc.600.0.fig2.pdf>
Package pdftex.def Info: bmr6838/LocalTc.600.0.fig2.pdf  used on input line 226
6.
(pdftex.def)             Requested size: 97.71951pt x 111.13734pt.
<bmr6838/LocalTc.600.0.fig3.pdf, id=14880, 361.35pt x 216.81pt>
File: bmr6838/LocalTc.600.0.fig3.pdf Graphic file (type pdf)
<use bmr6838/LocalTc.600.0.fig3.pdf>
Package pdftex.def Info: bmr6838/LocalTc.600.0.fig3.pdf  used on input line 226
7.
(pdftex.def)             Requested size: 97.71951pt x 111.13734pt.
<bmr6838/LocalTc.600.0.fig4.pdf, id=14881, 361.35pt x 216.81pt>
File: bmr6838/LocalTc.600.0.fig4.pdf Graphic file (type pdf)
<use bmr6838/LocalTc.600.0.fig4.pdf>
Package pdftex.def Info: bmr6838/LocalTc.600.0.fig4.pdf  used on input line 226
8.
(pdftex.def)             Requested size: 97.71951pt x 111.13734pt.

Overfull \hbox (13.78955pt too wide) in paragraph at lines 2254--2269
[] [] [] [] []
 []


Overfull \hbox (13.78955pt too wide) in paragraph at lines 2254--2269
[] [] [] [] []
 []


Overfull \hbox (13.78955pt too wide) in paragraph at lines 2254--2269
[] [] [] [] [] 
 []



[38 <./bmr27929/LocalTc.600.0.fig0.pdf> <./bmr27929/LocalTc.600.0.fig1.pdf

pdfTeX warning: pdflatex (file ./bmr27929/LocalTc.600.0.fig1.pdf): PDF inclusio
n: multiple pdfs with page group included in a single page
> <./bmr27929/LocalTc.600.0.fig2.pdf

pdfTeX warning: pdflatex (file ./bmr27929/LocalTc.600.0.fig2.pdf): PDF inclusio
n: multiple pdfs with page group included in a single page
> <./bmr27929/LocalTc.600.0.fig3.pdf

pdfTeX warning: pdflatex (file ./bmr27929/LocalTc.600.0.fig3.pdf): PDF inclusio
n: multiple pdfs with page group included in a single page
> <./bmr27929/LocalTc.600.0.fig4.pdf

pdfTeX warning: pdflatex (file ./bmr27929/LocalTc.600.0.fig4.pdf): PDF inclusio
n: multiple pdfs with page group included in a single page
> <./bmr6838/LocalTc.899.894.fig0.pdf

pdfTeX warning: pdflatex (file ./bmr6838/LocalTc.899.894.fig0.pdf): PDF inclusi
on: multiple pdfs with page group included in a single page
> <./bmr6838/LocalTc.899.894.fig1.pdf

pdfTeX warning: pdflatex (file ./bmr6838/LocalTc.899.894.fig1.pdf): PDF inclusi
on: multiple pdfs with page group included in a single page
> <./bmr6838/LocalTc.899.894.fig2.pdf

pdfTeX warning: pdflatex (file ./bmr6838/LocalTc.899.894.fig2.pdf): PDF inclusi
on: multiple pdfs with page group included in a single page
> <./bmr6838/LocalTc.899.894.fig3.pdf

pdfTeX warning: pdflatex (file ./bmr6838/LocalTc.899.894.fig3.pdf): PDF inclusi
on: multiple pdfs with page group included in a single page
> <./bmr6838/LocalTc.899.894.fig4.pdf

pdfTeX warning: pdflatex (file ./bmr6838/LocalTc.899.894.fig4.pdf): PDF inclusi
on: multiple pdfs with page group included in a single page
> <./bmr6838/LocalTc.500.0.fig0.pdf

pdfTeX warning: pdflatex (file ./bmr6838/LocalTc.500.0.fig0.pdf): PDF inclusion
: multiple pdfs with page group included in a single page
> <./bmr6838/LocalTc.500.0.fig1.pdf

pdfTeX warning: pdflatex (file ./bmr6838/LocalTc.500.0.fig1.pdf): PDF inclusion
: multiple pdfs with page group included in a single page
> <./bmr6838/LocalTc.500.0.fig2.pdf

pdfTeX warning: pdflatex (file ./bmr6838/LocalTc.500.0.fig2.pdf): PDF inclusion
: multiple pdfs with page group included in a single page
> <./bmr6838/LocalTc.500.0.fig3.pdf

pdfTeX warning: pdflatex (file ./bmr6838/LocalTc.500.0.fig3.pdf): PDF inclusion
: multiple pdfs with page group included in a single page
> <./bmr6838/LocalTc.500.0.fig4.pdf

pdfTeX warning: pdflatex (file ./bmr6838/LocalTc.500.0.fig4.pdf): PDF inclusion
: multiple pdfs with page group included in a single page
> <./bmr6838/LocalTc.600.0.fig0.pdf

pdfTeX warning: pdflatex (file ./bmr6838/LocalTc.600.0.fig0.pdf): PDF inclusion
: multiple pdfs with page group included in a single page
> <./bmr6838/LocalTc.600.0.fig1.pdf

pdfTeX warning: pdflatex (file ./bmr6838/LocalTc.600.0.fig1.pdf): PDF inclusion
: multiple pdfs with page group included in a single page
> <./bmr6838/LocalTc.600.0.fig2.pdf

pdfTeX warning: pdflatex (file ./bmr6838/LocalTc.600.0.fig2.pdf): PDF inclusion
: multiple pdfs with page group included in a single page
> <./bmr6838/LocalTc.600.0.fig3.pdf

pdfTeX warning: pdflatex (file ./bmr6838/LocalTc.600.0.fig3.pdf): PDF inclusion
: multiple pdfs with page group included in a single page
> <./bmr6838/LocalTc.600.0.fig4.pdf

pdfTeX warning: pdflatex (file ./bmr6838/LocalTc.600.0.fig4.pdf): PDF inclusion
: multiple pdfs with page group included in a single page
>]
<bmr16392/LocalTc.800.0.fig0.pdf, id=15429, 361.35pt x 216.81pt>
File: bmr16392/LocalTc.800.0.fig0.pdf Graphic file (type pdf)
<use bmr16392/LocalTc.800.0.fig0.pdf>
Package pdftex.def Info: bmr16392/LocalTc.800.0.fig0.pdf  used on input line 22
92.
(pdftex.def)             Requested size: 97.71951pt x 111.13734pt.
<bmr16392/LocalTc.800.0.fig1.pdf, id=15430, 361.35pt x 216.81pt>
File: bmr16392/LocalTc.800.0.fig1.pdf Graphic file (type pdf)
<use bmr16392/LocalTc.800.0.fig1.pdf>
Package pdftex.def Info: bmr16392/LocalTc.800.0.fig1.pdf  used on input line 22
93.
(pdftex.def)             Requested size: 97.71951pt x 111.13734pt.
<bmr16392/LocalTc.800.0.fig2.pdf, id=15431, 361.35pt x 216.81pt>
File: bmr16392/LocalTc.800.0.fig2.pdf Graphic file (type pdf)
<use bmr16392/LocalTc.800.0.fig2.pdf>
Package pdftex.def Info: bmr16392/LocalTc.800.0.fig2.pdf  used on input line 22
94.
(pdftex.def)             Requested size: 97.71951pt x 111.13734pt.
<bmr16392/LocalTc.800.0.fig3.pdf, id=15432, 361.35pt x 216.81pt>
File: bmr16392/LocalTc.800.0.fig3.pdf Graphic file (type pdf)
<use bmr16392/LocalTc.800.0.fig3.pdf>
Package pdftex.def Info: bmr16392/LocalTc.800.0.fig3.pdf  used on input line 22
95.
(pdftex.def)             Requested size: 97.71951pt x 111.13734pt.
<bmr16392/LocalTc.800.0.fig4.pdf, id=15433, 361.35pt x 216.81pt>
File: bmr16392/LocalTc.800.0.fig4.pdf Graphic file (type pdf)
<use bmr16392/LocalTc.800.0.fig4.pdf>
Package pdftex.def Info: bmr16392/LocalTc.800.0.fig4.pdf  used on input line 22
96.
(pdftex.def)             Requested size: 97.71951pt x 111.13734pt.
<bmr16392/LocalTc.500.0.fig0.pdf, id=15434, 361.35pt x 216.81pt>
File: bmr16392/LocalTc.500.0.fig0.pdf Graphic file (type pdf)
<use bmr16392/LocalTc.500.0.fig0.pdf>
Package pdftex.def Info: bmr16392/LocalTc.500.0.fig0.pdf  used on input line 22
97.
(pdftex.def)             Requested size: 97.71951pt x 111.13734pt.
<bmr16392/LocalTc.500.0.fig1.pdf, id=15435, 361.35pt x 216.81pt>
File: bmr16392/LocalTc.500.0.fig1.pdf Graphic file (type pdf)
<use bmr16392/LocalTc.500.0.fig1.pdf>
Package pdftex.def Info: bmr16392/LocalTc.500.0.fig1.pdf  used on input line 22
98.
(pdftex.def)             Requested size: 97.71951pt x 111.13734pt.
<bmr16392/LocalTc.500.0.fig2.pdf, id=15436, 361.35pt x 216.81pt>
File: bmr16392/LocalTc.500.0.fig2.pdf Graphic file (type pdf)
<use bmr16392/LocalTc.500.0.fig2.pdf>
Package pdftex.def Info: bmr16392/LocalTc.500.0.fig2.pdf  used on input line 22
99.
(pdftex.def)             Requested size: 97.71951pt x 111.13734pt.
<bmr16392/LocalTc.500.0.fig3.pdf, id=15437, 361.35pt x 216.81pt>
File: bmr16392/LocalTc.500.0.fig3.pdf Graphic file (type pdf)
<use bmr16392/LocalTc.500.0.fig3.pdf>
Package pdftex.def Info: bmr16392/LocalTc.500.0.fig3.pdf  used on input line 23
00.
(pdftex.def)             Requested size: 97.71951pt x 111.13734pt.
<bmr16392/LocalTc.500.0.fig4.pdf, id=15438, 361.35pt x 216.81pt>
File: bmr16392/LocalTc.500.0.fig4.pdf Graphic file (type pdf)
<use bmr16392/LocalTc.500.0.fig4.pdf>
Package pdftex.def Info: bmr16392/LocalTc.500.0.fig4.pdf  used on input line 23
01.
(pdftex.def)             Requested size: 97.71951pt x 111.13734pt.

Overfull \hbox (13.78955pt too wide) in paragraph at lines 2292--2302
[] [] [] [] []
 []


Overfull \hbox (13.78955pt too wide) in paragraph at lines 2292--2302
[] [] [] [] [] 
 []

<bmr51413/LocalTc.400.0.fig0.pdf, id=15439, 361.35pt x 216.81pt>
File: bmr51413/LocalTc.400.0.fig0.pdf Graphic file (type pdf)
<use bmr51413/LocalTc.400.0.fig0.pdf>
Package pdftex.def Info: bmr51413/LocalTc.400.0.fig0.pdf  used on input line 23
25.
(pdftex.def)             Requested size: 97.71951pt x 111.13734pt.
<bmr51413/LocalTc.400.0.fig1.pdf, id=15440, 361.35pt x 216.81pt>
File: bmr51413/LocalTc.400.0.fig1.pdf Graphic file (type pdf)
<use bmr51413/LocalTc.400.0.fig1.pdf>
Package pdftex.def Info: bmr51413/LocalTc.400.0.fig1.pdf  used on input line 23
26.
(pdftex.def)             Requested size: 97.71951pt x 111.13734pt.
<bmr51413/LocalTc.400.0.fig2.pdf, id=15441, 361.35pt x 216.81pt>
File: bmr51413/LocalTc.400.0.fig2.pdf Graphic file (type pdf)
<use bmr51413/LocalTc.400.0.fig2.pdf>
Package pdftex.def Info: bmr51413/LocalTc.400.0.fig2.pdf  used on input line 23
27.
(pdftex.def)             Requested size: 97.71951pt x 111.13734pt.
<bmr51413/LocalTc.400.0.fig3.pdf, id=15442, 361.35pt x 216.81pt>
File: bmr51413/LocalTc.400.0.fig3.pdf Graphic file (type pdf)
<use bmr51413/LocalTc.400.0.fig3.pdf>
Package pdftex.def Info: bmr51413/LocalTc.400.0.fig3.pdf  used on input line 23
28.
(pdftex.def)             Requested size: 97.71951pt x 111.13734pt.
<bmr51413/LocalTc.400.0.fig4.pdf, id=15443, 361.35pt x 216.81pt>
File: bmr51413/LocalTc.400.0.fig4.pdf Graphic file (type pdf)
<use bmr51413/LocalTc.400.0.fig4.pdf>
Package pdftex.def Info: bmr51413/LocalTc.400.0.fig4.pdf  used on input line 23
29.
(pdftex.def)             Requested size: 97.71951pt x 111.13734pt.
<bmr51413/LocalTc.600.0.fig0.pdf, id=15444, 361.35pt x 216.81pt>
File: bmr51413/LocalTc.600.0.fig0.pdf Graphic file (type pdf)
<use bmr51413/LocalTc.600.0.fig0.pdf>
Package pdftex.def Info: bmr51413/LocalTc.600.0.fig0.pdf  used on input line 23
30.
(pdftex.def)             Requested size: 97.71951pt x 111.13734pt.
<bmr51413/LocalTc.600.0.fig1.pdf, id=15445, 361.35pt x 216.81pt>
File: bmr51413/LocalTc.600.0.fig1.pdf Graphic file (type pdf)
<use bmr51413/LocalTc.600.0.fig1.pdf>
Package pdftex.def Info: bmr51413/LocalTc.600.0.fig1.pdf  used on input line 23
31.
(pdftex.def)             Requested size: 97.71951pt x 111.13734pt.
<bmr51413/LocalTc.600.0.fig2.pdf, id=15446, 361.35pt x 216.81pt>
File: bmr51413/LocalTc.600.0.fig2.pdf Graphic file (type pdf)
<use bmr51413/LocalTc.600.0.fig2.pdf>
Package pdftex.def Info: bmr51413/LocalTc.600.0.fig2.pdf  used on input line 23
32.
(pdftex.def)             Requested size: 97.71951pt x 111.13734pt.
<bmr51413/LocalTc.600.0.fig3.pdf, id=15447, 361.35pt x 216.81pt>
File: bmr51413/LocalTc.600.0.fig3.pdf Graphic file (type pdf)
<use bmr51413/LocalTc.600.0.fig3.pdf>
Package pdftex.def Info: bmr51413/LocalTc.600.0.fig3.pdf  used on input line 23
33.
(pdftex.def)             Requested size: 97.71951pt x 111.13734pt.
<bmr51413/LocalTc.600.0.fig4.pdf, id=15448, 361.35pt x 216.81pt>
File: bmr51413/LocalTc.600.0.fig4.pdf Graphic file (type pdf)
<use bmr51413/LocalTc.600.0.fig4.pdf>
Package pdftex.def Info: bmr51413/LocalTc.600.0.fig4.pdf  used on input line 23
34.
(pdftex.def)             Requested size: 97.71951pt x 111.13734pt.

Overfull \hbox (13.78955pt too wide) in paragraph at lines 2325--2335
[] [] [] [] []
 []


Overfull \hbox (13.78955pt too wide) in paragraph at lines 2325--2335
[] [] [] [] [] 
 []



[39 <./bmr16392/LocalTc.800.0.fig0.pdf> <./bmr16392/LocalTc.800.0.fig1.pdf

pdfTeX warning: pdflatex (file ./bmr16392/LocalTc.800.0.fig1.pdf): PDF inclusio
n: multiple pdfs with page group included in a single page
> <./bmr16392/LocalTc.800.0.fig2.pdf

pdfTeX warning: pdflatex (file ./bmr16392/LocalTc.800.0.fig2.pdf): PDF inclusio
n: multiple pdfs with page group included in a single page
> <./bmr16392/LocalTc.800.0.fig3.pdf

pdfTeX warning: pdflatex (file ./bmr16392/LocalTc.800.0.fig3.pdf): PDF inclusio
n: multiple pdfs with page group included in a single page
> <./bmr16392/LocalTc.800.0.fig4.pdf

pdfTeX warning: pdflatex (file ./bmr16392/LocalTc.800.0.fig4.pdf): PDF inclusio
n: multiple pdfs with page group included in a single page
> <./bmr16392/LocalTc.500.0.fig0.pdf

pdfTeX warning: pdflatex (file ./bmr16392/LocalTc.500.0.fig0.pdf): PDF inclusio
n: multiple pdfs with page group included in a single page
> <./bmr16392/LocalTc.500.0.fig1.pdf

pdfTeX warning: pdflatex (file ./bmr16392/LocalTc.500.0.fig1.pdf): PDF inclusio
n: multiple pdfs with page group included in a single page
> <./bmr16392/LocalTc.500.0.fig2.pdf

pdfTeX warning: pdflatex (file ./bmr16392/LocalTc.500.0.fig2.pdf): PDF inclusio
n: multiple pdfs with page group included in a single page
> <./bmr16392/LocalTc.500.0.fig3.pdf

pdfTeX warning: pdflatex (file ./bmr16392/LocalTc.500.0.fig3.pdf): PDF inclusio
n: multiple pdfs with page group included in a single page
> <./bmr16392/LocalTc.500.0.fig4.pdf

pdfTeX warning: pdflatex (file ./bmr16392/LocalTc.500.0.fig4.pdf): PDF inclusio
n: multiple pdfs with page group included in a single page
> <./bmr51413/LocalTc.400.0.fig0.pdf

pdfTeX warning: pdflatex (file ./bmr51413/LocalTc.400.0.fig0.pdf): PDF inclusio
n: multiple pdfs with page group included in a single page
> <./bmr51413/LocalTc.400.0.fig1.pdf

pdfTeX warning: pdflatex (file ./bmr51413/LocalTc.400.0.fig1.pdf): PDF inclusio
n: multiple pdfs with page group included in a single page
> <./bmr51413/LocalTc.400.0.fig2.pdf

pdfTeX warning: pdflatex (file ./bmr51413/LocalTc.400.0.fig2.pdf): PDF inclusio
n: multiple pdfs with page group included in a single page
> <./bmr51413/LocalTc.400.0.fig3.pdf

pdfTeX warning: pdflatex (file ./bmr51413/LocalTc.400.0.fig3.pdf): PDF inclusio
n: multiple pdfs with page group included in a single page
> <./bmr51413/LocalTc.400.0.fig4.pdf

pdfTeX warning: pdflatex (file ./bmr51413/LocalTc.400.0.fig4.pdf): PDF inclusio
n: multiple pdfs with page group included in a single page
>]
<bmr51418/LocalTc.600.0.fig0.pdf, id=15861, 361.35pt x 216.81pt>
File: bmr51418/LocalTc.600.0.fig0.pdf Graphic file (type pdf)
<use bmr51418/LocalTc.600.0.fig0.pdf>
Package pdftex.def Info: bmr51418/LocalTc.600.0.fig0.pdf  used on input line 23
58.
(pdftex.def)             Requested size: 97.71951pt x 111.13734pt.
<bmr51418/LocalTc.600.0.fig1.pdf, id=15862, 361.35pt x 216.81pt>
File: bmr51418/LocalTc.600.0.fig1.pdf Graphic file (type pdf)
<use bmr51418/LocalTc.600.0.fig1.pdf>
Package pdftex.def Info: bmr51418/LocalTc.600.0.fig1.pdf  used on input line 23
59.
(pdftex.def)             Requested size: 97.71951pt x 111.13734pt.
<bmr51418/LocalTc.600.0.fig2.pdf, id=15863, 361.35pt x 216.81pt>
File: bmr51418/LocalTc.600.0.fig2.pdf Graphic file (type pdf)
<use bmr51418/LocalTc.600.0.fig2.pdf>
Package pdftex.def Info: bmr51418/LocalTc.600.0.fig2.pdf  used on input line 23
60.
(pdftex.def)             Requested size: 97.71951pt x 111.13734pt.
<bmr51418/LocalTc.600.0.fig3.pdf, id=15864, 361.35pt x 216.81pt>
File: bmr51418/LocalTc.600.0.fig3.pdf Graphic file (type pdf)
<use bmr51418/LocalTc.600.0.fig3.pdf>
Package pdftex.def Info: bmr51418/LocalTc.600.0.fig3.pdf  used on input line 23
61.
(pdftex.def)             Requested size: 97.71951pt x 111.13734pt.
<bmr51418/LocalTc.600.0.fig4.pdf, id=15865, 361.35pt x 216.81pt>
File: bmr51418/LocalTc.600.0.fig4.pdf Graphic file (type pdf)
<use bmr51418/LocalTc.600.0.fig4.pdf>
Package pdftex.def Info: bmr51418/LocalTc.600.0.fig4.pdf  used on input line 23
62.
(pdftex.def)             Requested size: 97.71951pt x 111.13734pt.
File: bmr51418/LocalTc.600.0.fig0.pdf Graphic file (type pdf)
<use bmr51418/LocalTc.600.0.fig0.pdf>
Package pdftex.def Info: bmr51418/LocalTc.600.0.fig0.pdf  used on input line 23
63.
(pdftex.def)             Requested size: 97.71951pt x 111.13734pt.
File: bmr51418/LocalTc.600.0.fig1.pdf Graphic file (type pdf)
<use bmr51418/LocalTc.600.0.fig1.pdf>
Package pdftex.def Info: bmr51418/LocalTc.600.0.fig1.pdf  used on input line 23
64.
(pdftex.def)             Requested size: 97.71951pt x 111.13734pt.
File: bmr51418/LocalTc.600.0.fig2.pdf Graphic file (type pdf)
<use bmr51418/LocalTc.600.0.fig2.pdf>
Package pdftex.def Info: bmr51418/LocalTc.600.0.fig2.pdf  used on input line 23
65.
(pdftex.def)             Requested size: 97.71951pt x 111.13734pt.
File: bmr51418/LocalTc.600.0.fig3.pdf Graphic file (type pdf)
<use bmr51418/LocalTc.600.0.fig3.pdf>
Package pdftex.def Info: bmr51418/LocalTc.600.0.fig3.pdf  used on input line 23
66.
(pdftex.def)             Requested size: 97.71951pt x 111.13734pt.
File: bmr51418/LocalTc.600.0.fig4.pdf Graphic file (type pdf)
<use bmr51418/LocalTc.600.0.fig4.pdf>
Package pdftex.def Info: bmr51418/LocalTc.600.0.fig4.pdf  used on input line 23
67.
(pdftex.def)             Requested size: 97.71951pt x 111.13734pt.

Overfull \hbox (13.78955pt too wide) in paragraph at lines 2358--2368
[] [] [] [] []
 []


Overfull \hbox (13.78955pt too wide) in paragraph at lines 2358--2368
[] [] [] [] [] 
 []



[40 <./bmr51413/LocalTc.600.0.fig0.pdf> <./bmr51413/LocalTc.600.0.fig1.pdf

pdfTeX warning: pdflatex (file ./bmr51413/LocalTc.600.0.fig1.pdf): PDF inclusio
n: multiple pdfs with page group included in a single page
> <./bmr51413/LocalTc.600.0.fig2.pdf

pdfTeX warning: pdflatex (file ./bmr51413/LocalTc.600.0.fig2.pdf): PDF inclusio
n: multiple pdfs with page group included in a single page
> <./bmr51413/LocalTc.600.0.fig3.pdf

pdfTeX warning: pdflatex (file ./bmr51413/LocalTc.600.0.fig3.pdf): PDF inclusio
n: multiple pdfs with page group included in a single page
> <./bmr51413/LocalTc.600.0.fig4.pdf

pdfTeX warning: pdflatex (file ./bmr51413/LocalTc.600.0.fig4.pdf): PDF inclusio
n: multiple pdfs with page group included in a single page
> <./bmr51418/LocalTc.600.0.fig0.pdf

pdfTeX warning: pdflatex (file ./bmr51418/LocalTc.600.0.fig0.pdf): PDF inclusio
n: multiple pdfs with page group included in a single page
> <./bmr51418/LocalTc.600.0.fig1.pdf

pdfTeX warning: pdflatex (file ./bmr51418/LocalTc.600.0.fig1.pdf): PDF inclusio
n: multiple pdfs with page group included in a single page
> <./bmr51418/LocalTc.600.0.fig2.pdf

pdfTeX warning: pdflatex (file ./bmr51418/LocalTc.600.0.fig2.pdf): PDF inclusio
n: multiple pdfs with page group included in a single page
> <./bmr51418/LocalTc.600.0.fig3.pdf

pdfTeX warning: pdflatex (file ./bmr51418/LocalTc.600.0.fig3.pdf): PDF inclusio
n: multiple pdfs with page group included in a single page
> <./bmr51418/LocalTc.600.0.fig4.pdf

pdfTeX warning: pdflatex (file ./bmr51418/LocalTc.600.0.fig4.pdf): PDF inclusio
n: multiple pdfs with page group included in a single page
>] (./summary.aux)
 ***********
LaTeX2e <2024-11-01> patch level 2
L3 programming layer <2025-01-18>
 ***********
 ) 
Here is how much of TeX's memory you used:
 6094 strings out of 474662
 198276 string characters out of 5751110
 486414 words of memory out of 5000000
 29128 multiletter control sequences out of 15000+600000
 569705 words of font info for 72 fonts, out of 8000000 for 9000
 319 hyphenation exceptions out of 8191
 57i,8n,65p,425b,233s stack positions out of 10000i,1000n,20000p,200000b,200000s
</usr/local/texlive/2025basic/texmf-dist/fonts/type1/public/amsfonts/cm/cmbx1
0.pfb></usr/local/texlive/2025basic/texmf-dist/fonts/type1/public/amsfonts/cm/c
mbx12.pfb></usr/local/texlive/2025basic/texmf-dist/fonts/type1/public/amsfonts/
cm/cmbx5.pfb></usr/local/texlive/2025basic/texmf-dist/fonts/type1/public/amsfon
ts/cm/cmmi10.pfb></usr/local/texlive/2025basic/texmf-dist/fonts/type1/public/am
sfonts/cm/cmmi12.pfb></usr/local/texlive/2025basic/texmf-dist/fonts/type1/publi
c/amsfonts/cm/cmmi5.pfb></usr/local/texlive/2025basic/texmf-dist/fonts/type1/pu
blic/amsfonts/cm/cmmi6.pfb></usr/local/texlive/2025basic/texmf-dist/fonts/type1
/public/amsfonts/cm/cmmi7.pfb></usr/local/texlive/2025basic/texmf-dist/fonts/ty
pe1/public/amsfonts/cm/cmmi8.pfb></usr/local/texlive/2025basic/texmf-dist/fonts
/type1/public/amsfonts/cm/cmmi9.pfb></usr/local/texlive/2025basic/texmf-dist/fo
nts/type1/public/amsfonts/cm/cmr10.pfb></usr/local/texlive/2025basic/texmf-dist
/fonts/type1/public/amsfonts/cm/cmr12.pfb></usr/local/texlive/2025basic/texmf-d
ist/fonts/type1/public/amsfonts/cm/cmr5.pfb></usr/local/texlive/2025basic/texmf
-dist/fonts/type1/public/amsfonts/cm/cmr6.pfb></usr/local/texlive/2025basic/tex
mf-dist/fonts/type1/public/amsfonts/cm/cmr9.pfb></usr/local/texlive/2025basic/t
exmf-dist/fonts/type1/public/amsfonts/cm/cmsy6.pfb></usr/local/texlive/2025basi
c/texmf-dist/fonts/type1/public/amsfonts/cm/cmsy9.pfb></usr/local/texlive/2025b
asic/texmf-dist/fonts/type1/public/amsfonts/cm/cmtt8.pfb>
Output written on summary.pdf (40 pages, 16003551 bytes).
PDF statistics:
 16220 PDF objects out of 18468 (max. 8388607)
 10938 compressed objects within 110 object streams
 0 named destinations out of 1000 (max. 500000)
 2831 words of extra memory for PDF output out of 10000 (max. 10000000)

